unique_storm_id,unique_storm_number,sample_start,sample_end,storm_start,storm_end,runoff_volume,peak_discharge,discrete,estimated,frozen,exclude,suspended_sediment_mg_L,suspended_sediment_flag,suspended_sediment_load_pounds,chloride_mg_L,chloride_flag,chloride_load_pounds,no2_no3_n_mg_L,no2_no3_flag,no2_no3_n_load_pounds,ammonium_n_mg_L,ammonium_n_flag,ammonium_n_load_pounds,tkn_unfiltered_mg_L,tkn_unfiltered_flag,tkn_unfiltered_load_pounds,orthophosphate_mg_L,orthophosphate_flag,orthophosphate_load_pounds,total_phosphorus_unfiltered_mg_L,total_phosphorus_unfiltered_flag,total_phosphorus_unfiltered_load_pounds,total_nitrogen_computed_mg_L,total_nitrogen_computed_load_pounds,organic_nitrogen_computed_mg_L,organic_nitrogen_computed_load_pounds,comments
OH-FM1-2,1,10/02/12 03:57,10/02/12 07:15,10/02/12 03:56,10/02/12 07:30,501,0.17,0,0,0,0,63,"HT, Q",1.97225375760,2.30,,0.07200291496,0.1,,0.00156528076,0.02,,0.00062611230,1.07,,0.03349700826,0.18,,0.00563501074,0.331,,0.01036215863,1.1,0.03506228902,1.1,0.03287089596,
,2,,,10/02/12 18:30,10/02/12 20:15,48,0.01,0,1,0,0,63,,0.18995345460,2.30,,0.00693480866,0.1,,0.00015075671,0.02,,0.00006030268,1.07,,0.00322619359,0.18,,0.00054272416,0.331,,0.00099800942,1.1,0.00337695030,1.1,0.00316589091,
,3,,,10/05/12 14:15,10/05/12 17:30,230,0.04,0,1,0,0,63,,0.90389300400,2.30,,0.03299926840,0.1,,0.00071737540,0.02,,0.00028695016,1.07,,0.01535183356,0.18,,0.00258255144,0.331,,0.00474902515,1.1,0.01606920896,1.1,0.01506488340,
OH-FM1-3,4,10/05/12 20:49,10/06/12 04:15,10/05/12 20:45,10/06/12 04:30,1719,0.28,0,0,0,0,61,"HT, Q",6.54720479820,1.40,,0.15026371668,0.1,,0.00536656131,0.01,,0.00107331226,0.9,,0.09659810358,0.10,,0.01051846017,0.226,,0.02425685712,1.0,0.10196466489,0.9,0.09552479132,
,5,,,10/30/12 05:03,10/30/12 08:15,146,0.02,0,1,0,0,24,,0.21825472320,4.50,,0.04092276060,0.1,,0.00045469734,0.02,,0.00018187894,1.14,,0.01036709935,0.089,,0.00080936127,0.195,,0.00177331963,1.2,0.01082179669,1.1,0.01018522042,
OH-FM1-4,6,10/30/12 10:45,10/31/12 06:45,10/30/12 10:30,10/31/12 07:00,1637,0.07,0,0,0,0,24,HT,2.45297078880,4.50,,0.45993202290,0.1,,0.00511035581,0.02,,0.00204414232,1.14,,0.11651611247,0.09,,0.00909643334,0.195,,0.01993038766,1.2,0.12162646828,1.1,0.11447197014,
,7,,,11/12/12 09:21,11/12/12 17:00,528,0.04,0,1,0,0,24,,0.79120573440,4.50,,0.14835107520,0.1,,0.00164834528,0.02,,0.00065933811,1.14,,0.03758227238,0.089,,0.00293405460,0.195,,0.00642854659,1.2,0.03923061766,1.1,0.03692293427,
,8,,,12/08/12 00:31,12/08/12 02:15,44,0.01,0,1,0,0,24,,0.06602011200,4.50,,0.01237877100,0.1,,0.00013754190,0.02,,0.00005501676,1.14,,0.00313595532,0.089,,0.00024482458,0.195,,0.00053641341,1.2,0.00327349722,1.1,0.00308093856,
OH-FM1-5,9,12/09/12 23:21,12/10/12 05:45,12/09/12 23:20,12/10/12 06:00,674,0.10,0,0,0,0,268,,11.27519952000,8.20,,0.34498744800,0.7,,0.02945014800,0.06,,0.00252429840,3.6,,0.15145790400,0.18,,0.00740460864,1.14,,0.04796166960,4.3,0.18090805200,3.5,0.14893360560,
OH-FM1-6,10,12/20/12 11:12,12/20/12 21:00,12/20/12 11:11,12/20/12 21:15,1471,0.13,0,0,0,0,1421,HT,130.46664757560,5.60,,0.51415427616,1,,0.09181326360,0.17,,0.01560825481,10.7,,0.98240192052,0.10,,0.00908951310,4.55,,0.41775034938,11.7,1.07421518412,10.5,0.96679366571,
OH-FM1-7,11,01/09/13 11:45,01/10/13 01:00,01/09/13 11:30,01/10/13 01:15,1501,0.07,0,0,0,0,19,,1.78062822500,4.30,,0.40298428250,1.1,,0.10308900250,0.17,,0.01593193675,1.21,,0.11339790275,0.11,,0.01030890025,0.34,,0.03186387350,2.3,0.21648690525,1.0,0.09746596600,
OH-FM1-8,12,01/10/13 18:30,01/11/13 18:30,01/10/13 18:15,01/11/13 18:30,10102,1.10,0,0,0,0,1159,,730.89034260720,0.50,,0.15765538020,1,,0.63062152080,0.11,,0.06936836729,5.8,,3.65760482064,0.05,,0.03090045452,2.03,,1.28016168722,6.8,4.28822634144,5.7,3.58823645335,
OH-FM1-9,13,01/12/13 22:05,01/13/13 13:45,01/12/13 22:03,01/13/13 14:00,18095,1.27,0,0,0,0,2732,,3086.20517419600,0.80,,0.90372040240,0.1,,0.11296505030,0.06,,0.06777903018,9.4,,10.61871472820,0.04,,0.04970462213,3.91,,4.41693346673,9.5,10.73167977850,9.3,10.55093569802,
OH-FM1-10,14,01/13/13 16:19,01/14/13 04:00,01/13/13 16:15,01/14/13 04:15,7736,0.47,0,0,0,0,612,,295.54893438480,0.50,,0.12073077385,0.1,,0.02414615477,0.06,,0.02897538572,3,,1.44876928620,0.05,,0.02366323167,1.05,,0.50706925017,3.1,1.47291544097,2.9,1.41979390048,
,15,,,01/28/13 07:45,01/28/13 18:45,587,0.02,0,1,1,0,682,,24.98853687880,2.70,,0.09892822518,0.9,,0.03297607506,0.05,,0.00183200417,4.53,,0.16597957780,0.084,,0.00307776701,1.54,,0.05642572844,5.4,0.19895565286,4.5,0.16414757363,
OH-FM1-11,16,01/30/13 05:59,01/30/13 14:00,01/30/13 05:57,01/30/13 14:15,4333,0.44,0,0,0,0,682,,184.46197288200,2.70,,0.73027467270,0.9,,0.24342489090,0.05,,0.01352360505,4.53,,1.22523861753,0.08,,0.02271965648,1.54,,0.41652703554,5.4,1.46866350843,4.5,1.21171501248,
,17,,,02/08/13 06:30,02/08/13 11:15,184,0.03,0,1,1,0,520,,5.96575855200,3.30,,0.03785962158,3.6,,0.04130140536,0.08,,0.00091780901,4.55,,0.05220038733,0.057,,0.00065393892,1.472,,0.01688768575,8.2,0.09350179269,4.5,0.05128257832,
,18,,,02/10/13 21:45,02/11/13 10:00,419,0.02,0,1,1,0,520,,13.60035882400,3.30,,0.08630996946,3.6,,0.09415633032,0.08,,0.00209236290,4.55,,0.11900313971,0.057,,0.00149080856,1.472,,0.03849947729,8.2,0.21315947003,4.5,0.11691077681,
OH-FM1-12,19,02/26/13 12:52,02/28/13 00:45,02/26/13 12:48,02/28/13 01:00,9121,0.24,0,0,0,0,520,,296.08617844000,3.30,,1.87900844010,3.6,,2.04982738920,0.08,,0.04555171976,4.55,,2.59075406135,0.06,,0.03245560033,1.472,,0.83815164358,8.2,4.64058145055,4.5,2.54520234159,
,20,,,02/28/13 10:00,02/28/13 19:00,467,0.03,0,1,0,0,47,,1.37072100020,3.80,,0.11082425108,1.5,,0.04374641490,0.13,,0.00379135596,1.63,,0.04753777086,0.066,,0.00192484226,0.349,,0.01017833253,3.1,0.09128418576,1.5,0.04374641490,
OH-FM1-13,21,03/07/13 12:45,03/08/13 02:45,03/07/13 12:30,03/08/13 03:00,864,0.06,0,0,0,0,47,HT,2.53381845700,3.80,,0.20486191780,1.5,,0.08086654650,0.13,,0.00700843403,1.63,,0.08787498053,0.07,,0.00355812805,0.349,,0.01881494982,3.1,0.16874152703,1.5,0.08086654650,
,22,,,03/08/13 10:15,03/09/13 04:06,668,0.03,0,1,0,0,47,,1.95962147800,3.80,,0.15843748120,1.5,,0.06254111100,0.13,,0.00542022962,1.63,,0.06796134062,0.066,,0.00275180888,0.349,,0.01455123183,3.1,0.13050245162,1.5,0.06254111100,
,23,,,03/09/13 11:45,03/09/13 20:00,296,0.02,0,1,0,0,47,,0.86725292060,3.80,,0.07011832124,1.5,,0.02767828470,0.13,,0.00239878467,1.63,,0.03007706937,0.066,,0.00121784453,0.349,,0.00643981424,3.1,0.05775535407,1.5,0.02767828470,
OH-FM1-14,24,03/11/13 05:14,03/11/13 22:00,03/11/13 05:04,03/11/13 22:15,1315,0.07,0,0,0,0,624,HT,51.23652605760,2.70,,0.22169650698,0.7,,0.05747687218,0.05,,0.00410549087,4.22,,0.34650342943,0.05,,0.00394127124,1.42,,0.11659594071,4.9,0.40398030161,4.2,0.34239793856,
,25,,,03/18/13 13:21,03/18/13 19:45,194,0.01,0,1,0,0,624,,7.56279800640,2.70,,0.03272364522,0.7,,0.00848390802,0.05,,0.00060599343,4.22,,0.05114584549,0.048,,0.00058175369,1.42,,0.01721021341,4.9,0.05962975351,4.2,0.05053985206,
,26,,,03/26/13 18:45,03/26/13 22:30,110,0.01,0,1,0,0,624,,4.26774716160,2.70,,0.01846621368,0.7,,0.00478753688,0.05,,0.00034196692,4.22,,0.02886200805,0.048,,0.00032828824,1.42,,0.00971186053,4.9,0.03364954493,4.2,0.02852004113,
OH-FM1-15,27,04/10/13 15:37,04/11/13 14:30,04/10/13 15:33,04/11/13 14:45,51940,11.26,0,0,0,0,4342,HT,14079.00114081760,0.50,,0.81062880820,1.3,,4.21526980264,0.18,,0.58365274190,10.9,,35.34341603752,0.06,,0.18806588350,4.19,,13.58613882543,12.2,39.55868584016,10.7,34.75976329562,
OH-FM1-16,28,04/11/13 19:08,04/12/13 10:30,04/11/13 19:06,04/12/13 10:45,19258,1.02,0,0,0,0,345,HT,414.78219517800,0.50,,0.30056680810,1,,1.20226723240,0.04,,0.04809068930,1.87,,2.24823972459,0.03,,0.04087708590,0.654,,0.78628276999,2.9,3.45050695699,1.8,2.20014903529,
,29,,,04/16/13 18:04,04/16/13 21:45,780,0.22,0,1,0,0,379,,18.45549080560,0.50,,0.01217380660,0.2,,0.00973904528,0.05,,0.00243476132,2.29,,0.11151206846,0.058,,0.00282432313,0.738,,0.03593707708,2.5,0.12125111374,2.2,0.10907730714,
,30,,,04/19/13 05:38,04/19/13 09:30,653,0.12,0,1,0,0,379,,15.44022176060,0.50,,0.01018484285,0.2,,0.00814787428,0.05,,0.00203696857,2.29,,0.09329316051,0.058,,0.00236288354,0.738,,0.03006565609,2.5,0.10144103479,2.2,0.09125619194,
OH-FM1-17,31,04/24/13 07:18,04/24/13 18:15,04/24/13 07:16,04/24/13 18:30,5246,0.48,0,0,0,0,379,HT,124.11665089300,0.50,,0.08187114175,0.2,,0.06549691340,0.05,,0.01637422835,2.29,,0.74993965843,0.06,,0.01899410489,0.738,,0.24168361045,2.5,0.81543657183,2.2,0.73356543008,
OH-FM1-18,32,04/28/13 17:43,04/28/13 23:15,04/28/13 17:41,04/28/13 23:45,2516,0.87,0,0,0,0,3210,HT,504.20384785800,0.50,,0.03926821245,0.1,,0.01570728498,0.1,,0.01570728498,8.1,,1.27229008338,0.03,,0.00424096694,2.8,,0.43980397944,8.2,1.28799736836,8.0,1.25658279840,
,33,,,06/13/13 00:45,06/13/13 03:15,402,0.09,0,1,0,0,286,,7.17938512720,1.10,,0.02761301972,1.3,,0.03263356876,0.06,,0.00150616471,1.89,,0.04744418843,0.183,,0.00459380237,0.55,,0.01380650986,3.2,0.08007775719,1.8,0.04593802372,
,34,,,06/16/13 05:20,06/16/13 06:13,176,0.13,0,1,0,0,286,,3.13616028440,1.10,,0.01206215494,1.3,,0.01425527402,0.06,,0.00065793572,1.89,,0.02072497531,0.183,,0.00200670396,0.55,,0.00603107747,3.2,0.03498024933,1.8,0.02006703958,
,35,,,07/01/13 10:28,07/01/13 11:22,513,0.44,0,1,0,0,286,,9.15086217760,1.10,,0.03519562376,1.3,,0.04159482808,0.06,,0.00191976130,1.89,,0.06047248082,0.183,,0.00585527195,0.55,,0.01759781188,3.2,0.10206730890,1.8,0.05855271953,
,36,,,07/01/13 11:32,07/01/13 12:10,58,0.05,0,1,0,0,286,,1.03201732920,1.10,,0.00396929742,1.3,,0.00469098786,0.06,,0.00021650713,1.89,,0.00681997466,0.183,,0.00066034675,0.55,,0.00198464871,3.2,0.01151096252,1.8,0.00660346753,
,37,,,07/01/13 13:04,07/01/13 15:00,425,0.15,0,1,0,0,286,,7.58663860240,1.10,,0.02917937924,1.3,,0.03448472092,0.06,,0.00159160250,1.89,,0.05013547888,0.183,,0.00485438764,0.55,,0.01458968962,3.2,0.08462019980,1.8,0.04854387637,
OH-FM1-19,38,07/02/13 16:43,07/02/13 19:04,07/02/13 16:42,07/02/13 19:15,1516,1.51,0,0,0,0,9770,HT,924.52364174400,0.50,,0.02365720680,1.7,,0.16086900624,0.11,,0.01040917099,18.7,,1.76955906864,0.09,,0.00861122328,7.2,,0.68132755584,20.4,1.93042807488,18.6,1.75914989765,
OH-FM1-20,39,07/04/13 14:07,07/04/13 18:30,07/04/13 14:06,07/04/13 18:45,3067,1.04,0,0,0,0,1776,HT,340.02998484480,0.50,,0.04786458120,2.5,,0.47864581200,0.05,,0.00957291624,4.95,,0.94771870776,0.13,,0.02488958222,1.92,,0.36759998362,7.5,1.42636451976,4.9,0.93814579152,
,40,,,07/08/13 21:04,07/09/13 07:30,828,0.13,0,1,0,0,286,,14.78916313160,1.10,,0.05688139666,1.3,,0.06722346878,0.06,,0.00310262164,1.89,,0.09773258153,0.183,,0.00946299599,0.55,,0.02844069833,3.2,0.16495605031,1.8,0.09462995990,
OH-FM1-21,41,07/10/13 15:17,07/10/13 21:30,07/10/13 15:16,07/10/13 21:45,1633,0.49,0,0,0,0,286,HT,29.16027440040,1.10,,0.11215490154,1.3,,0.13254670182,0.06,,0.00611754008,1.89,,0.19270251265,0.18,,0.01865849726,0.55,,0.05607745077,3.2,0.32524921447,1.8,0.18658497256,
,42,,,07/20/13 07:43,07/20/13 11:00,1472,0.71,0,1,0,0,286,,26.28173279160,1.10,,0.10108358766,1.3,,0.11946242178,0.06,,0.00551365024,1.89,,0.17367998243,0.183,,0.01681663322,0.55,,0.05054179383,3.2,0.29314240421,1.8,0.16816633220,
,43,,,07/22/13 09:30,07/22/13 11:30,201,0.09,0,1,0,0,118,,1.48424430880,1.10,,0.01383617576,0.1,,0.00062891708,0.01,,0.00006289171,1.15,,0.01446509284,0.167,,0.00210058305,0.378,,0.00475461312,1.2,0.01509400992,1.1,0.01440220113,
OH-FM1-22,44,07/27/13 07:46,07/27/13 14:00,07/27/13 07:46,07/27/13 14:15,1883,0.66,0,0,0,0,118,,13.87373818320,1.10,,0.12933145764,0.1,,0.00587870262,0.01,,0.00058787026,1.15,,0.13521016026,0.17,,0.01963486675,0.378,,0.04444299181,1.2,0.14108886288,1.1,0.13462229000,
OH-FM1-23,45,08/02/13 22:30,08/03/13 09:00,08/02/13 22:29,08/03/13 09:15,2112,0.13,0,0,0,0,25,,3.29601633500,0.80,,0.10547252272,0.3,,0.03955219602,0.02,,0.00263681307,1.5,,0.19776098010,0.16,,0.02135818585,0.364,,0.04798999784,1.8,0.23731317612,1.5,0.19512416703,
estmate,46,,,10/04/13 17:38,10/05/13 01:15,11837,1.97,0,1,0,0,996,,735.99479760000,21.9,,16.18301814000,4.5,,3.32527770000,0.33,,0.24385369800,4.2,,3.10359252000,0.26,,0.19434400780,1.58,,1.16754194800,8.7,6.42887022000,3.9,2.85973882200,
estmate,47,,,10/06/13 07:12,10/06/13 08:45,104,0.04,0,1,0,0,68,,0.44013408000,21.6,,0.13980729600,8.2,,0.05307499200,0.26,,0.00168286560,1.93,,0.01249204080,0.45,,0.00293206968,0.642,,0.00415538352,10.1,0.06556703280,1.7,0.01080917520,
estmate,48,,,10/06/13 16:54,10/07/13 03:45,5201,0.78,0,1,0,0,152,,49.35542752000,11.7,,3.79906909200,0.4,,0.12988270400,0.02,,0.00649413520,2.32,,0.75331968320,0.383,,0.12436268908,0.756,,0.24547831056,2.7,0.88320238720,2.3,0.74682554800,
OH-FM1-24,49,10/31/13 21:40,11/01/13 10:15,10/31/13 21:37,11/01/13 10:30,4985,0.38,0,0,0,0,152,HT,47.30578352000,11.7,,3.64130044200,0.4,,0.12448890400,0.02,,0.00622444520,2.32,,0.72203564320,0.38,,0.11919812558,0.756,,0.23528402856,2.7,0.84652454720,2.3,0.71581119800,
estimate,50,,,11/17/13 04:25,11/17/13 08:30,294,0.05,0,1,0,0,68,,1.24704656000,21.6,,0.39612067200,8.2,,0.15037914400,0.26,,0.00476811920,1.93,,0.03539411560,0.45,,0.00830753076,0.642,,0.01177358664,10.1,0.18577325960,1.7,0.03062599640,
OH-FM1-25,51,11/17/13 18:13,11/18/13 05:15,11/17/13 18:00,11/18/13 05:30,1987,0.28,0,0,0,0,413,,51.23570620000,10.6,,1.31500844000,14.3,,1.77402082000,9.9,,1.22816826000,29.3,,3.63488182000,0.54,,0.06649476640,1.51,,0.18732667400,43.6,5.40890264000,19.4,2.40671356000,
OH-TM1-26a,52,12/20/13 04:00,12/21/13 00:00,12/20/13 03:45,12/21/13 00:00,4666,0.11,0,0,0,0,27,HT,7.86416040000,10.5,,3.05828460000,8.1,,2.35924812000,2.06,,0.60000631200,3.46,,1.00777759200,0.23,,0.06640846560,0.379,,0.11038951080,11.6,3.36702571200,1.4,0.40777128000,
OH-FM1-26b,53,12/21/13 00:00,12/22/13 17:00,12/21/13 00:00,12/22/13 17:15,62191,2.80,0,0,0,0,109,HT,423.18783916000,3.0,,11.64737172000,2.6,,10.09438882400,0.96,,3.72715895040,2.45,,9.51202023800,0.16,,0.62119315840,0.421,,1.63451449804,5.1,19.60640906200,1.5,5.78486128760,
estmate,54,,,01/05/14 19:30,01/05/14 21:15,121,0.03,0,1,0,0,25,,0.18878300000,2.6,,0.01963343200,1.7,,0.01283724400,0.19,,0.00143475080,1.49,,0.01125146680,0.14,,0.00107983876,0.358,,0.00270337256,3.2,0.02408871080,1.3,0.00981671600,
OH-FM1-27,55,01/10/14 23:45,01/12/14 09:15,01/10/14 23:30,01/11/14 22:27,19958,0.54,0,0,0,0,20,HT,24.91935600000,2.4,,2.99032272000,1.9,,2.36733882000,0.45,,0.56068551000,1.68,,2.09322590400,0.20,,0.25417743120,0.361,,0.44979437580,3.6,4.46056472400,1.2,1.53254039400,
OH-FM1-14,56,01/11/14 22:27,,01/11/14 22:27,01/12/14 09:15,1668,0.07,1,0,0,0,25,HT,2.60250850000,2.6,,0.27066088400,1.7,,0.17697057800,0.19,,0.01977906460,1.49,,0.15510950660,0.14,,0.01488634862,0.358,,0.03726792172,3.2,0.33208008460,1.3,0.13533044200,
estmate,57,,,01/12/14 09:15,01/14/14 18:30,4562,0.05,0,1,0,0,35,,9.96774240000,3.5,,0.99677424000,0.7,,0.19935484800,0.83,,0.23637789120,2.13,,0.60660832320,0.21,,0.05838249120,0.368,,0.10480369152,2.8,0.80596317120,1.3,0.37023043200,
OH-FM-3,58,02/02/14 02:57,,02/01/14 17:40,02/04/14 05:06,285,0.03,1,0,1,0,28,HT,0.49838712000,3.1,,0.05517857400,1.9,,0.03381912600,0.5,,0.00889977000,1.69,,0.03008122260,0.21,,0.00375570294,0.362,,0.00644343348,3.6,0.06390034860,1.2,0.02118145260,
OH-FM1-29a,59,02/19/14 15:00,02/21/14 08:50,02/19/14 14:45,02/21/14 08:50,16736,0.57,0,0,1,0,5,HT,5.22389530000,1.4,,1.46269068400,0.9,,0.94030115400,0.26,,0.27164255560,1.19,,1.24328708140,0.14,,0.14208995216,0.235,,0.24552307910,2.1,2.18358823540,0.9,0.97164452580,
OH-FM1-29b,60,02/21/14 08:50,02/24/14 09:15,02/21/14 08:50,02/24/14 09:45,23276,0.32,0,0,1,0,19,HT,27.60870468000,1.1,,1.59839869200,0.6,,0.87185383200,0.15,,0.21796345800,1.05,,1.52574420600,0.11,,0.16565222808,0.236,,0.34292917392,1.7,2.39759803800,0.9,1.30778074800,
OH-FM1-30a,61,03/07/14 14:00,03/08/14 09:30,03/07/14 13:45,03/08/14 09:30,5806,0.22,0,0,1,0,35,HT,12.68621760000,3.5,,1.26862176000,0.7,,0.25372435200,0.83,,0.30084458880,2.13,,0.77204695680,0.21,,0.07430498880,0.368,,0.13338651648,2.8,1.02577130880,1.3,0.47120236800,
OH-FM1-30b,62,03/08/14 09:30,03/11/14 16:15,03/08/14 09:30,03/11/14 16:30,4406,0.04,0,0,1,0,29,HT,7.97743020000,3.0,,0.82525140000,1.5,,0.41262570000,0.62,,0.17055195600,2.00,,0.55016760000,0.13,,0.03658614540,0.307,,0.08445072660,3.5,0.96279330000,1.4,0.37961564400,
OH-FM1-31,63,03/12/14 06:02,03/13/14 01:30,03/12/14 06:00,03/13/14 01:45,2220,0.23,0,0,0,0,160,,22.17930560000,4.6,,0.63765503600,3.1,,0.42972404600,0.87,,0.12059997420,4.01,,0.55586884660,0.116,,0.01607999656,0.684,,0.09481653144,7.1,0.98559289260,3.1,0.43526887240,
estmate,64,,,03/14/14 12:15,03/15/14 02:30,7966,0.69,0,1,0,0,160,,79.56933760000,4.6,,2.28761845600,3.1,,1.54165591600,0.87,,0.43265827320,4.01,,1.99420652360,0.116,,0.05768776976,0.684,,0.34015891824,7.1,3.53586243960,3.1,1.56154825040,
OH-FM1-32a,65,04/03/14 11:29,04/04/14 04:30,04/03/14 11:24,04/04/14 16:30,19958,1.76,0,0,0,0,583,HT,726.39922740000,1.1,,1.37056458000,2.7,,3.36411306000,0.68,,0.84725810400,4.48,,5.58193574400,0.507,,0.63170567460,0.684,,0.85224197520,7.2,8.94604880400,3.8,4.73467764000,
OH-FM1-32b,66,04/04/14 04:30,04/04/14 16:27,04/04/14 04:30,04/04/14 16:27,907,0.04,0,0,0,0,160,,9.06158400000,4.6,,0.26052054000,3.1,,0.17556819000,0.87,,0.04927236300,4.01,,0.22710594900,0.116,,0.00656964840,0.684,,0.03873827160,7.1,0.40267413900,3.1,0.17783358600,
estimate,67,,,04/07/14 17:00,04/08/14 07:00,6955,0.31,0,1,0,0,160,,69.47214400000,4.6,,1.99732414000,3.1,,1.34602279000,0.87,,0.37775478300,4.01,,1.74114560900,0.116,,0.05036730440,0.684,,0.29699341560,7.1,3.08716839900,3.1,1.36339082600,
estimate,68,,,04/14/14 23:15,04/15/14 18:15,1486,0.04,0,1,0,0,68,,6.30858848000,21.6,,2.00390457600,8.2,,0.76074155200,0.26,,0.02412107360,1.93,,0.17905258480,0.45,,0.04202633208,0.642,,0.05956049712,10.1,0.93979413680,1.7,0.15493151120,
estimate,69,,,04/28/14 11:44,04/28/14 15:45,173,0.05,0,1,0,0,68,,0.73355680000,21.6,,0.23301216000,8.2,,0.08845832000,0.26,,0.00280477600,1.93,,0.02082006800,0.453,,0.00488678280,0.642,,0.00692563920,10.1,0.10927838800,1.7,0.01801529200,
OH-FM1-33,70,04/29/14 02:45,04/29/14 09:00,04/29/14 02:45,04/29/14 08:15,441,0.06,0,0,0,0,166,HT,4.56639108000,52.5,,1.44418995000,3,,0.08252514000,2.43,,0.06684536340,4.63,HT,0.12736379940,8.14,,0.22391821320,8.45,HT,0.23244581100,7.6,0.20988893940,2.2,0.06051843600,
estimate,71,,,05/15/14 07:30,05/15/14 12:15,43,0.01,0,1,0,0,68,,0.18338920000,21.6,,0.05825304000,8.2,,0.02211458000,0.26,,0.00070119400,1.93,,0.00520501700,0.453,,0.00122169570,0.642,,0.00173140980,10.1,0.02731959700,1.7,0.00450382300,
estimate,72,,,05/21/14 08:00,05/21/14 09:45,78,0.03,0,1,0,0,68,,0.33010056000,21.6,,0.10485547200,8.2,,0.03980624400,0.26,,0.00126214920,1.93,,0.00936903060,0.453,,0.00219905226,0.642,,0.00311653764,10.1,0.04917527460,1.7,0.00810688140,
OH-FM1-34,73,06/04/14 16:43,06/04/14 20:45,06/04/14 16:43,06/04/14 21:00,380,0.06,0,0,0,0,68,HT,1.61382496000,21.6,HT,0.51262675200,8.2,HT,0.19460830400,0.26,HT,0.00617050720,1.93,HT,0.04580414960,0.453,HT,0.01075092216,0.642,HT,0.01523640624,10.1,0.24041245360,1.7,0.03963364240,
OH-FM1-35,74,06/08/14 07:00,06/08/14 19:30,06/08/14 07:00,06/08/14 19:45,12018,1.52,0,0,0,0,380,HT,285.10548040000,17.8,,13.35494092400,5.2,,3.90144341600,0.27,,0.20257494660,2.82,HT,2.11578277560,0.36,,0.26784909606,0.948,HT,0.71126314584,8.0,6.01722619160,2.6,1.91320782900,
estimate,75,,,06/17/14 14:15,06/17/14 15:30,9,0.00,0,1,0,0,573,,0.30906474000,18.1,,0.00976277800,9.2,,0.00496229600,0.57,,0.00030744660,3.66,,0.00197413080,0.322,,0.00017368036,1.32,,0.00071198160,12.9,0.00693642680,3.1,0.00166668420,
OH-FMI-36,76,06/19/14 02:10,06/19/14 05:50,06/19/14 02:05,06/19/14 09:45,1149,0.18,0,0,0,0,573,HT,41.10561042000,18.1,,1.29844947400,9.2,,0.65998536800,0.57,,0.04089039780,3.66,HT,0.26255939640,0.32,,0.02309948788,1.32,HT,0.09469355280,12.9,0.92254476440,3.1,0.22166899860,
OH-FMI-37,77,06/20/14 12:50,06/20/14 17:05,06/20/14 12:49,06/20/14 21:00,2506,0.28,0,0,0,0,200,HT,31.28404000000,26.6,,4.16077732000,3.5,,0.54747070000,0.15,,0.02346303000,2.75,HT,0.43015555000,0.25,,0.03863578940,0.626,HT,0.09791904520,6.3,0.97762625000,2.6,0.40669252000,
OH-FM1-38,78,06/23/14 16:32,06/24/14 01:15,06/23/14 16:32,06/24/14 01:30,9634,2.02,0,0,0,0,996,HT,599.00306520000,21.9,,13.17085053000,4.5,,2.70633915000,0.33,,0.19846487100,4.2,HT,2.52591654000,0.26,,0.15817048810,1.58,HT,0.95022574600,8.7,5.23225569000,3.9,2.32745166900,
OH-FM1-39,79,06/24/14 08:12,06/24/14 16:30,06/24/14 08:11,06/24/14 16:45,8994,1.49,0,0,0,0,813,HT,456.49509354000,11.1,,6.23258983800,1.9,,1.06683970200,0.23,,0.12914375340,3.57,HT,2.00453565060,0.21,,0.11679087264,1.43,HT,0.80293724940,5.5,3.07137535260,3.3,1.87539189720,
estimate,80,,,06/24/14 18:31,06/25/14 09:30,10411,0.93,0,1,0,0,813,,528.41170770000,11.1,,7.21447719000,1.9,,1.23491051000,0.23,,0.14948916700,3.57,,2.32033185300,0.208,,0.13519020320,1.43,,0.92943264700,5.5,3.55524236300,3.3,2.17084268600,
estimate,81,,,07/08/14 09:08,07/08/14 09:45,17,0.01,0,1,0,0,237,,0.25566612000,0.9,,0.00097088400,0.7,,0.00075513200,0.15,,0.00016181400,1.36,,0.00146711360,0.265,,0.00028587140,0.57,,0.00061489320,2.1,0.00222224560,1.2,0.00130529960,
estimate,82,,,07/08/14 11:41,07/08/14 14:15,579,0.25,0,1,0,0,237,,8.56481502000,0.9,,0.03252461400,0.7,,0.02529692200,0.15,,0.00542076900,1.36,,0.04914830560,0.265,,0.00957669190,0.57,,0.02059892220,2.1,0.07444522760,1.2,0.04372753660,
OH-FM1-41,83,08/11/14 12:30,08/12/14 11:00,08/11/14 15:21,08/11/14 17:30,2013,0.82,0,0,0,0,237,,29.78510298000,1,,0.11310798600,0.7,,0.08797287800,0.15,,0.01885133100,1.36,,0.17091873440,0.27,,0.03330401810,0.57,,0.07163505780,2.1,0.25889161240,1.2,0.15206740340,
estimate,84,,,11/24/14 03:00,11/24/14 04:45,52,0.01,0,1,0,0,29,HT,0.09385212000,9.4,,0.03042103200,0.1,,0.00032362800,0.12,,0.00038835360,1.3,,0.00420716400,0.77,,0.00249840816,0.95,,0.00307446600,1.4,0.00453079200,1.2,0.00388353600,
estimate,85,,,12/06/14 01:45,12/06/14 08:15,285,0.03,0,1,0,0,29,,0.51618666000,9.4,,0.16731567600,0.1,,0.00177995400,0.12,,0.00213594480,1.3,,0.02313940200,0.772,,0.01374124488,0.95,,0.01690956300,1.4,0.02491935600,2.2,0.03915898800,
OH-FM1-42,86,01/03/15 14:30,01/04/15 02:15,01/03/15 14:00,01/04/15 13:12,1555,0.04,0,0,0,0,29,HT,2.81556360000,9.4,,0.91263096000,0.1,,0.00970884000,0.12,,0.01165060800,1.3,,0.12621492000,0.772,,0.07495224480,0.950,,0.09223398000,1.4,0.13592376000,3.2,0.31068288000,
OH-FM1a-1045,87,01/18/15 13:33,,01/18/15 06:45,01/21/15 21:00,7586,0.05,1,0,0,0,15,HT,7.10363460000,14.0,,6.63005896000,0.5,,0.23678782000,0.3,,0.14207269200,1.7,,0.80507858800,0.52,,0.24531218152,0.677,,0.32061070828,1.8,0.85243615200,4.2,1.98901768800,
estimate,88,,,02/08/15 15:15,02/08/15 23:30,449,0.02,0,1,0,0,15,,0.42071640000,14,,0.39266864000,0.5,,0.01402388000,0.3,,0.00841432800,1.7,,0.04768119200,0.518,,0.01452873968,0.677,,0.01898833352,1.8,0.05048596800,5.2,0.14584835200,
estimate,89,,,03/04/15 07:30,03/05/15 04:00,1944,0.03,0,1,0,0,33,HT,4.00489650000,6.0,,0.72816300000,1.5,,0.18204075000,0.15,,0.01820407500,1.30,,0.15776865000,0.30,,0.03604406850,0.465,HT,0.05643263250,1.4,0.16990470000,12.2,1.48059810000,
estimate,90,,,03/07/15 16:15,03/08/15 07:45,1227,0.03,0,1,0,0,33,HT,2.52753468000,6.0,,0.45955176000,1.5,,0.11488794000,0.15,,0.01148879400,1.30,,0.09956954800,0.30,,0.02274781212,0.465,HT,0.03561526140,1.4,0.10722874400,12.2,0.93442191200,
estimate,91,,,03/08/15 13:00,03/09/15 14:37,3050,0.05,0,1,0,0,33,HT,6.28323762000,6.0,,1.14240684000,1.5,,0.28560171000,0.15,,0.02856017100,1.30,,0.24752148200,0.30,,0.05654913858,0.465,HT,0.08853653010,1.4,0.26656159600,12.2,2.32289390800,
OH-FM1-43a,92,03/09/15 14:37,03/10/15 05:30,03/09/15 14:37,03/10/15 05:30,3750,0.09,0,0,0,0,33,HT,7.72500036000,6.0,,1.40454552000,1.5,,0.35113638000,0.15,,0.03511363800,1.3,,0.30431819600,0.30,,0.06952500324,0.465,HT,0.10885227780,1.4,0.32772728800,8.2,1.91954554400,
OH-FM1-43b,93,03/10/15 10:50,03/11/15 10:25,03/10/15 05:30,03/11/15 10:25,11526,0.21,0,0,0,0,48,HT,34.53758016000,6.0,,4.31719752000,3.4,,2.44641192800,0.15,,0.10792993800,1.9,,1.36711254800,0.26,,0.18707855920,0.51,,0.36696178920,2.0,1.43906584000,9.2,6.61970286400,
OH-FM1-43c,94,03/11/15 10:26,03/12/15 20:35,03/11/15 10:25,03/12/15 20:35,10221,0.25,0,0,0,0,44,HT,28.07580776000,7.2,,4.59422308800,3.6,,2.29711154400,0.15,,0.09571298100,1.7,,1.08474711800,0.25,,0.15760737538,0.461,,0.29415789494,1.8,1.14855577200,10.2,6.50848270800,
OH-FM1-44,95,03/13/15 17:13,03/14/15 11:02,03/12/15 20:35,03/14/15 16:16,13617,0.39,0,0,0,0,93,HT,79.05584784000,11.6,,9.86072940800,5.8,,4.93036470400,0.1,,0.08500628800,2.2,,1.87013833600,0.19,,0.16491219872,0.629,,0.53468955152,2.3,1.95514462400,11.2,9.52070425600,
estmate,96,,,04/02/15 20:22,04/02/15 21:30,147,0.05,0,1,0,0,33,HT,0.30259218000,6.0,,0.05501676000,1.5,,0.01375419000,0.15,,0.00137541900,1.30,,0.01192029800,0.30,,0.00272332962,0.465,HT,0.00426379890,1.4,0.01283724400,12.2,0.11186741200,
estmate,97,,,04/08/15 01:04,04/08/15 02:00,112,0.05,0,1,0,0,33,HT,0.23139402000,6.0,,0.04207164000,1.5,,0.01051791000,0.15,,0.00105179100,1.30,,0.00911552200,0.30,,0.00208254618,0.465,HT,0.00326055210,1.4,0.00981671600,13.2,0.09255760800,
estmate,98,,,05/31/15 11:38,05/31/15 12:30,35,0.02,0,1,0,0,75,HT,0.16181400000,1.8,,0.00388353600,0.1,,0.00021575200,0.06,,0.00012945120,1.8,,0.00388353600,0.12,,0.00025890240,0.344,,0.00074218688,1.9,0.00409928800,21.2,0.04573942400,
estmate,99,,,06/13/15 04:18,06/13/15 05:00,17,0.01,0,1,0,0,75,HT,0.08090700000,1.8,,0.00194176800,0.1,,0.00010787600,0.06,,0.00006472560,1.8,,0.00194176800,0.12,,0.00012945120,0.344,,0.00037109344,1.9,0.00204964400,21.2,0.02286971200,
OH-FM1-47,100,06/14/15 00:43,06/14/15 09:30,06/14/15 00:41,06/14/15 10:45,9029,2.48,0,0,0,0,5090,HT,2868.98918900000,<0.5,,0.28182605000,7.2,,4.05829512000,0.75,,0.42273907500,12,,6.76382520000,0.13,,0.07102016460,4.55,,2.56461705500,12.1,6.82019041000,16.2,9.13116402000,
estimate,101,,,06/14/15 20:50,06/14/15 23:15,302,0.16,0,1,0,0,82,,1.54802060000,1.9,,0.03586877000,0.1,,0.00188783000,0.06,,0.00113269800,1.4,,0.02642962000,0.12,,0.00230315260,0.29,,0.00547470700,1.5,0.02831745000,17.2,0.32470676000,
OH-FM1-48,102,06/15/15 17:52,06/15/15 20:00,06/15/15 17:52,06/15/15 20:00,950,0.48,0,0,0,0,2090,HT,124.00346200000,2.1,,0.12459678000,3.1,,0.18392858000,0.18,,0.01067972400,5.6,,0.33225808000,0.14,,0.00824712020,2.29,,0.13586982200,5.7,0.33819126000,18.2,1.07983876000,
OH-FM1-49,103,06/15/15 22:43,06/16/15 07:45,06/15/15 20:00,06/16/15 07:45,21324,3.05,0,0,0,0,1510,HT,2010.09665840000,0.5,,0.66559492000,7.2,,9.58456684800,1.19,,1.58411590960,6.10,,8.12025802400,0.12,,0.15441802144,1.72,,2.28964652480,6.2,8.25337700800,19.2,25.55884492800,
OH-FM1-1076,104,06/16/15 11:53,,06/16/15 07:45,06/16/15 09:30,35,0.01,1,0,0,0,26,HT,0.05609552000,2.6,,0.00560955200,11.4,,0.02459572800,1.62,,0.00349518240,2.90,,0.00625680800,0.13,,0.00028263512,0.257,,0.00055448264,3.0,0.00647256000,20.2,0.04358190400,
estmate,105,,,06/18/15 17:56,06/18/15 18:30,26,0.03,0,1,0,0,75,HT,0.12136050000,1.8,,0.00291265200,0.1,,0.00016181400,0.06,,0.00009708840,1.8,,0.00291265200,0.12,,0.00019417680,0.344,,0.00055664016,1.9,0.00307446600,21.2,0.03430456800,
OH-FM1-50,106,06/27/15 00:20,06/27/15 09:45,06/27/15 00:19,06/27/15 11:45,8787,0.83,0,0,0,0,117,HT,64.18028682000,0.5,,0.27427473000,11.7,,6.41802868200,0.67,,0.36752813820,1.9,HT,1.04224397400,0.106,,0.05814624276,0.39,HT,0.21393428940,2.0,1.09709892000,22.2,12.17779801200,
OH-FM1-51,107,06/27/15 21:15,06/28/15 03:30,06/27/15 21:00,06/28/15 04:45,2074,0.20,0,0,0,0,1670,HT,216.18350400000,<0.5,,0.06472560000,9.7,,1.25567664000,0.67,,0.08673230400,2.1,HT,0.27184752000,0.068,,0.00880268160,0.234,HT,0.03029158080,2.2,0.28479264000,23.2,3.00326784000,
OH-FM1-52,108,06/30/15 12:38,06/30/15 14:29,06/30/15 12:34,06/30/15 15:45,873,0.42,0,0,0,0,841,HT,45.81547658000,1.6,,0.08716380800,0.6,,0.03268642800,0.09,,0.00490296420,3,HT,0.16343214000,0.12,,0.00653728560,1.15,HT,0.06264898700,3.1,0.16887987800,24.2,1.31835259600,
estmate,109,,,07/09/15 05:11,07/09/15 05:45,9,0.01,0,1,0,0,75,HT,0.04045350000,1.8,,0.00097088400,0.1,,0.00005393800,0.06,,0.00003236280,1.8,,0.00097088400,0.120,,0.00006472560,0.344,,0.00018554672,1.9,0.00102482200,25.2,0.01359237600,
OH-FM1B-1190,110,07/09/15 10:31,,07/09/15 10:23,07/09/15 10:34,17,0.07,1,0,0,0,75,,0.08090700000,1.8,,0.00194176800,0.1,,0.00010787600,0.06,,0.00006472560,1.8,,0.00194176800,0.120,,0.00012945120,0.344,,0.00037109344,1.9,0.00204964400,26.2,0.02826351200,
OH-FM1B-1191,111,07/09/15 10:38,,07/09/15 10:34,07/09/15 11:04,199,0.15,1,0,0,0,82,,1.01727068000,1.9,,0.02357090600,0.1,,0.00124057400,0.06,,0.00074434440,1.4,,0.01736803600,0.122,,0.00151350028,0.29,,0.00359766460,1.5,0.01860861000,27.2,0.33743612800,
OH-FM1B-1192,112,07/09/15 11:30,,07/09/15 11:04,07/09/15 13:00,242,0.15,1,0,0,0,67,,1.01187688000,0.6,,0.00906158400,1.2,,0.01812316800,0.04,,0.00060410560,1.4,,0.02114369600,0.10,,0.00154046928,0.335,,0.00505938440,1.5,0.02265396000,28.2,0.42589444800,
estimate,113,,,07/13/15 12:08,07/13/15 12:30,9,0.01,0,1,0,0,132,,0.07119816000,2.4,,0.00129451200,0.1,,0.00005393800,0.05,,0.00002696900,1.8,,0.00097088400,0.106,,0.00005717428,0.461,,0.00024865418,1.9,0.00102482200,29.2,0.01574989600,
OH-FM1B-1093,114,07/13/15 13:17,,07/13/15 12:46,07/13/15 14:30,78,0.03,1,0,0,0,132,HT,0.64078344000,2.4,,0.01165060800,0.1,,0.00048544200,0.05,,0.00024272100,1.8,HT,0.00873795600,0.11,,0.00051456852,0.461,HT,0.00223788762,1.9,0.00922339800,30.2,0.14660348400,
estmate,115,,,07/14/15 12:31,07/14/15 13:30,95,0.07,0,1,0,0,69,,0.40938942000,2.1,,0.01245967800,0.1,,0.00059331800,0.04,,0.00023732720,1.9,,0.01127304200,0.058,,0.00034412444,0.451,,0.00267586418,2.0,0.01186636000,31.2,0.18511521600,
estmate,116,,,07/14/15 13:53,07/14/15 15:00,26,0.02,0,1,0,0,69,,0.11165166000,2.1,,0.00339809400,0.1,,0.00016181400,0.04,,0.00006472560,1.9,,0.00307446600,0.058,,0.00009385212,0.451,,0.00072978114,2.0,0.00323628000,32.2,0.05210410800,
estmate,117,,,07/14/15 23:38,07/15/15 01:00,78,0.04,0,1,0,0,69,,0.33495498000,2.1,,0.01019428200,0.1,,0.00048544200,0.04,,0.00019417680,1.9,,0.00922339800,0.058,,0.00028155636,0.451,,0.00218934342,2.0,0.00970884000,33.2,0.16116674400,
OH-FM1-53,118,07/17/15 10:38,07/17/15 13:15,07/17/15 10:36,07/17/15 14:00,1659,0.54,0,0,0,0,226,HT,23.40477696000,<0.5,,0.05178048000,0.1,,0.01035609600,0.02,,0.00207121920,1.6,HT,0.16569753600,0.08,,0.00859555968,0.522,HT,0.05405882112,1.7,0.17605363200,34.2,3.54178483200,
OH-FM1-54,119,07/17/15 17:41,07/17/15 19:15,07/17/15 17:39,07/17/15 20:00,276,0.13,0,0,0,0,69,HT,1.19095104000,2.1,,0.03624633600,0.1,,0.00172601600,0.04,,0.00069040640,1.9,HT,0.03279430400,0.058,,0.00100108928,0.451,HT,0.00778433216,2.0,0.03452032000,35.2,0.60755763200,
OH_FM1-1109,120,,,12/23/15 20:43,12/23/15 22:45,112,0.03,1,0,0,0,763,5.4,0.61922571991,9.7,0.1,0.00787220116,1.1,0.0,0.00089272384,0.1,0.00,0.00008115671,3.5,0.02,0.00284048495,0.76,0.01,0.00062003729,2.3,0.02,0.00186660440,4.6,0.00373320880,3.4,0.00275932824,
ESTIMATE,121,,,12/26/15 16:35,12/26/15 17:30,9,0.00,0,1,0,0,56,0.0,0.00349598148,8.3,0.0,0.00051815440,0.3,0.0,0.00001872847,0.02,0.00,0.00000124856,3.71,0.00,0.00023160877,0.64,0.00,0.00003995407,2.1,0.00,0.00013109931,4.0,0.00025033725,3.7,0.00023036021,
ESTIMATE,122,,,12/26/15 18:28,12/26/15 21:30,86,0.02,0,1,0,0,224,1.2,0.13983925926,6.9,0.0,0.00430754861,0.2,0.0,0.00012485648,0.02,0.00,0.00001248565,3.82,0.02,0.00238475880,0.53,0.00,0.00033086968,2.08,0.01,0.00129850741,4.0,0.00250961528,3.8,0.00237227315,
OHFM1-55,123,12/27/15 01:11,12/27/15 04:23,12/27/15 01:02,12/27/15 15:00,16148,0.97,0,0,0,0,912,919.4,106.41068433333,5.6,5.6,0.65339893889,1.1,1.1,0.12834622014,0.05,0.05,0.00583391910,4.18,4.21,0.48771563653,0.514,0.52,0.05997268832,2.000,2.02,0.23335676389,5.3,0.61606185667,4.1,0.48188171743,
OHFM1-56,124,12/28/15 09:22,12/29/15 04:15,12/28/15 09:22,12/29/15 04:15,13668,0.87,0,0,0,0,167,142.5,16.49316663426,6.8,5.8,0.67157804259,2,1.7,0.19752295370,0.02,0.02,0.00197522954,1.48,1.26,0.14616698574,0.373,0.32,0.03683803087,0.848,0.72,0.08374973237,3.5,0.34368993944,1.5,0.14419175620,
OHFM1-57,125,01/10/16 03:58,01/10/16 10:15,01/10/16 03:58,01/10/16 10:15,1123,0.10,0,0,0,0,166,11.6,1.34720143519,6.6,0.5,0.05356343056,2.2,0.2,0.01785447685,0.03,0.00,0.00024347014,1.69,0.12,0.01371548449,0.381,0.03,0.00309207076,0.919,0.06,0.00745830192,3.9,0.03156996134,1.7,0.01347201435,
OHFM1-58,126,01/15/16 15:45,01/15/16 23:00,01/15/16 15:37,01/16/16 00:00,458,0.04,0,0,0,0,216,6.2,0.71467850000,7.9,0.2,0.02613870440,2.6,0.1,0.00860261157,0.05,0.00,0.00016543484,1.84,0.05,0.00608800204,0.349,0.01,0.00115473517,0.950,0.03,0.00314326192,4.4,0.01469061361,1.8,0.00592256720,
ESTIMATE,127,,,02/03/16 00:38,02/03/16 02:00,35,0.01,0,1,0,0,184,0.4,0.04594718519,8.1,0.0,0.00202267500,0.2,0.0,0.00004994259,0.02,0.00,0.00000499426,2.34,0.01,0.00058432833,0.290,0.00,0.00007241676,0.940,0.00,0.00023473019,2.5,0.00063427093,2.3,0.00057933407,
OHFM1-59,128,02/24/16 07:42,02/24/16 14:45,02/24/16 07:36,02/24/16 15:15,873,0.11,0,0,0,0,283,15.4,1.78438640509,8.3,0.5,0.05233359421,2.6,0.1,0.01639365602,0.03,0.00,0.00018915757,2.75,0.15,0.01733944387,0.265,0.01,0.00167089186,0.990,0.05,0.00624219979,5.4,0.03373309988,2.7,0.01715028630,
ESTIMATE,129,,,02/24/16 16:16,02/24/16 17:45,26,0.01,0,1,0,0,112,0.2,0.02097588889,7.1,0.0,0.00132972153,0.1,0.0,0.00001872847,0.01,0.00,0.00000187285,1.51,0.00,0.00028279993,0.240,0.00,0.00004494833,0.980,0.00,0.00018353903,1.6,0.00030152840,1.5,0.00028092708,
ESTIMATE,130,,,03/10/16 06:45,03/10/16 08:45,95,0.02,0,1,0,0,187,1.1,0.12841489120,6.5,0.0,0.00446361921,0.3,0.0,0.00020601319,0.06,0.00,0.00004120264,3.61,0.02,0.00247902544,0.219,0.00,0.00015038963,0.710,0.00,0.00048756456,3.9,0.00268503863,3.6,0.00243782280,
OHFM1-60,131,03/10/16 14:21,03/10/16 21:15,03/10/16 14:14,03/10/16 22:00,622,0.07,0,0,0,0,140,5.4,0.62927666667,4.7,0.2,0.02112571667,1.8,0.1,0.00809070000,0.05,0.00,0.00022474167,1.71,0.07,0.00768616500,0.216,0.01,0.00097088400,0.613,0.02,0.00275533283,3.5,0.01577686500,1.7,0.00746142333,
ESTIMATE,132,,,03/14/16 16:22,03/14/16 17:45,35,0.04,0,1,0,0,287,0.6,0.07166762037,2.6,0.0,0.00064925370,0.2,0.0,0.00004994259,0.05,0.00,0.00001248565,3.87,0.01,0.00096638917,0.234,0.00,0.00005843283,0.910,0.00,0.00022723880,4.1,0.00101633176,3.8,0.00095390352,
OHFM1-61,133,03/14/16 19:23,03/15/16 00:00,03/14/16 19:23,03/15/16 00:00,1002,0.18,0,0,0,0,553,34.6,4.00464678704,1.8,0.1,0.01303501667,0.3,0.0,0.00217250278,0.03,0.00,0.00021725028,3.5,0.22,0.02534586574,0.242,0.02,0.00175248557,1.700,0.11,0.01231084907,3.8,0.02751836852,3.5,0.02512861546,
OHFM1-62,134,05/01/16 23:59,05/02/16 05:15,05/01/16 23:59,05/02/16 05:15,1339,0.24,0,0,0,0,2170,181.4,20.99773877315,1.4,0.1,0.01354692824,0.8,0.1,0.00774110185,0.12,0.01,0.00116116528,7.66,0.64,0.07412105023,0.248,0.02,0.00239974157,3.200,0.27,0.03096440741,8.5,0.08186215208,7.5,0.07295988495,
OHFM1-63,135,05/12/16 22:11,05/12/16 23:45,05/12/16 22:11,05/12/16 23:45,285,0.09,0,0,0,0,923,16.4,1.90150178472,2.4,0.0,0.00494431667,0.3,0.0,0.00061803958,0.08,0.00,0.00016481056,4.61,0.08,0.00949720826,0.242,0.00,0.00049855193,1.900,0.03,0.00391425069,4.9,0.01011524785,4.5,0.00933239771,
OHFM1-64a,136,06/23/16 02:02,06/23/16 02:55,06/23/16 02:02,06/23/16 02:58,138,0.10,0,0,0,0,787,6.8,0.78609640741,1.2,0.0,0.00119862222,0.2,0.0,0.00019977037,0.06,0.00,0.00005993111,2.37,0.02,0.00236727889,0.366,0.00,0.00036557978,1.600,0.01,0.00159816296,2.6,0.00256704926,2.3,0.00230734778,
OHFM1-64b,137,06/23/16 02:58,06/23/16 04:13,06/23/16 02:58,06/23/16 10:00,14394,2.65,0,0,0,0,1900,1707.4,197.61035324074,<0.5,0.4,0.05200272454,0.1,0.1,0.01040054491,0.03,0.03,0.00312016347,4.37,3.93,0.45450381245,0.258,0.23,0.02683340586,2.400,2.16,0.24961307778,4.5,0.46490435736,4.3,0.45138364898,
OHFM1-66,138,06/26/16 19:56,06/27/16 01:15,06/26/16 19:56,06/27/16 01:00,10264,2.68,0,0,0,0,1190,762.5,88.25605250000,0.5,0.3,0.03708237500,0.9,0.6,0.06674827500,0.04,0.03,0.00296659000,3.58,2.29,0.26550980500,0.215,0.14,0.01594542125,1.600,1.03,0.11866360000,4.5,0.33225808000,3.5,0.26254321500,
OHFM1-67,139,08/13/16 14:35,08/13/16 14:55,08/13/16 14:35,08/13/16 14:55,26,0.04,0,0,0,0,250,0.4,0.04682118056,2.4,0.0,0.00044948333,0.1,0.0,0.00001872847,0.01,0.00,0.00000187285,1.77,0.00,0.00033149396,0.433,0.00,0.00008109428,0.950,0.00,0.00017792049,1.9,0.00035022243,1.8,0.00032962111,
OHFM1-68,140,08/14/16 01:42,08/14/16 02:30,08/14/16 01:39,08/14/16 02:30,86,0.09,0,0,0,0,136,0.7,0.08490240741,4.0,0.0,0.00249712963,0.2,0.0,0.00012485648,0.07,0.00,0.00004369977,2.46,0.01,0.00153573472,0.743,0.00,0.00046384183,1.100,0.01,0.00068671065,2.7,0.00166059120,2.4,0.00149203495,
ESTIMATE,141,,,01/10/17 14:45,01/10/17 21:00,692,0.06,0,1,1,0,65,2.8,0.32485806395,12,0.52,0.05997379642,0.2,0.0,0.00099956327,0.21,0.01,0.00104954144,2.3,0.10,0.01149497765,1.40,0.06,0.00699694292,1.7,0.07,0.00849628783,2.5,0.01249454092,1.7,0.00849628783,
OH-FM1-1051,142,01/10/17 21:22,,01/10/17 21:00,01/11/17 00:30,271,0.04,1,0,1,0,49,0.8,0.09600567537,13,0.22,0.02547089347,0.3,0.0,0.00058778985,0.22,0.00,0.00043104589,1.97,0.03,0.00385982001,1.3,0.02,0.00254708935,1.6,0.03,0.00313487920,2.3,0.00444760986,1.8,0.00342877412,
ESTIMATE,143,,,01/11/17 00:30,01/11/17 16:41,417,0.02,0,1,1,0,351,9.1,1.05701115195,13.2,0.34,0.03975084674,0.7,0.0,0.00210799945,0.21,0.01,0.00063239983,3.05,0.08,0.00918485474,1,0.03,0.00301142778,1.7,0.04,0.00511942723,3.8,0.01129285419,2.7,0.00813085501,
OH-FM1-1053,144,01/11/17 17:12,,01/11/17 16:41,01/12/17 00:00,307,0.04,1,0,0,0,703,13.5,1.56080038054,15.3,0.29,0.03396905522,13.3,0.3,0.02952865585,0.20,0.00,0.00044403994,4.08,0.08,0.00905841473,0.665,0.01,0.00147643279,1.900,0.04,0.00421837941,17.4,0.03858707057,3.9,0.00861437479,
ESTIMATE,145,,,01/12/17 04:05,01/12/17 08:03,209,0.04,0,1,0,0,3.41,0.0,0.00514397344,12.0,0.16,0.01810195931,10.1,0.1,0.01523581575,0.13,0.00,0.00019610456,3.26,0.04,0.00491769894,0.510,0.01,0.00076933327,1.400,0.02,0.00211189525,13.4,0.02015351469,3.2,0.00482718915,
OH-FM1-70,146,01/12/17 08:07,01/12/17 15:15,01/12/17 08:03,01/12/17 16:30,538,0.09,0,0,0,0,196,6.6,0.76138605899,13.1,0.44,0.05088855802,7.6,0.3,0.02952313290,0.06,0.00,0.00023307736,2.63,0.09,0.01021655783,0.425,0.01,0.00165096467,0.932,0.03,0.00362046840,10.2,0.03973969073,2.6,0.00998348047,
ESTIMATE,147,,,01/17/17 01:37,01/17/17 04:45,86,0.02,0,1,0,0,1.83,0.0,0.00114137767,9.0,0.05,0.00561333281,5.1,0.0,0.00318088859,0.05,0.00,0.00003118518,2.51,0.01,0.00156549615,0.370,0.00,0.00023077035,0.945,0.01,0.00058939995,7.6,0.00474638474,2.5,0.00155925911,
OH-FM1-71,148,01/20/17 05:12,01/20/17 08:15,01/20/17 04:55,01/20/17 10:15,296,0.04,0,0,0,0,173,3.2,0.37012381020,7.0,0.13,0.01497610793,2.3,0.0,0.00492072118,0.05,0.00,0.00010697220,2.41,0.04,0.00515606001,0.342,0.01,0.00073168984,1.000,0.02,0.00213944399,4.7,0.01007678119,2.4,0.00504908782,
ESTIMATE,149,,,01/23/17 08:47,01/23/17 11:15,49,0.01,0,1,0,0,152,0.5,0.05399787909,10.0,0.03,0.00355249205,1.6,0.0,0.00056839873,0.08,0.00,0.00002841994,2.31,0.01,0.00082062566,0.450,0.00,0.00015986214,1.050,0.00,0.00037301166,3.9,0.00138902439,2.2,0.00078154825,
OH-FM1-72,150,02/07/17 05:21,02/07/17 14:15,02/07/17 05:21,02/07/17 14:15,689,0.07,0,0,0,0,145,6.2,0.72181404792,14.0,0.60,0.06969239083,0.8,0.0,0.00398242233,0.11,0.00,0.00054758307,2.24,0.10,0.01115078253,0.666,0.03,0.00331536659,1.100,0.05,0.00547583071,3.0,0.01513320487,2.1,0.01060319946,
OH-FM1-1063,151,04/05/17 20:53,,04/05/17 20:02,04/05/17 22:30,198,0.04,1,0,0,0,132,1.6,0.18890379865,3.8,0.05,0.00543813966,1.8,0.0,0.00257596089,0.06,0.00,0.00008586536,2.22,0.03,0.00317701843,0.478,0.01,0.00068406073,0.874,0.01,0.00125077212,4.0,0.00575297932,2.2,0.00309115307,
ESTIMATE,152,,,04/06/17 19:39,04/07/17 00:00,307,0.04,0,1,0,0,3100,59.4,6.88037465029,2.3,0.04,0.00510479410,1.4,0.0,0.00310726597,0.15,0.00,0.00033292135,11.2,0.21,0.02485812777,0.420,0.01,0.00093217979,3.600,0.07,0.00799011250,12.6,0.02796539374,7.1,0.01575827742,
OH-FM1-73,153,04/30/17 02:03,04/30/17 02:45,04/30/17 02:03,04/30/17 03:00,131,0.10,0,0,0,0,6100,49.7,5.75433783028,1.2,0.01,0.00113200088,1,0.0,0.00094333407,0.23,0.00,0.00021696684,17.1,0.14,0.01613101261,0.371,0.00,0.00034997694,6.900,0.06,0.00650900509,18.1,0.01707434668,16.9,0.01591404577,
ESTIMATE,154,,,04/30/17 03:53,04/30/17 05:15,94,0.05,0,1,0,0,3600,21.1,2.43849390451,1.2,0.01,0.00081283130,1.2,0.0,0.00081283130,0.22,0.00,0.00014901907,19.5,0.11,0.01320850865,0.340,0.00,0.00023030220,7.200,0.04,0.00487698781,20.7,0.01402133995,18.4,0.01246341329,
OH-FM1-74,155,04/30/17 18:21,04/30/17 20:15,04/30/17 18:21,04/30/17 20:15,402,0.28,0,0,0,0,7040,176.9,20.47407959146,1.3,0.03,0.00378072492,1.4,0.0,0.00407154992,0.25,0.01,0.00072706249,22.1,0.56,0.06427232372,0.317,0.01,0.00092191523,7.700,0.19,0.02239352455,23.5,0.06834387364,21.9,0.06354526123,
OH-FM1-75,156,05/01/17 08:23,05/01/17 12:00,05/01/17 08:23,05/01/17 12:15,1306,0.45,0,0,0,0,5020,409.3,47.37161655364,0.9,0.07,0.00849291930,1.7,0.1,0.01604218090,0.16,0.01,0.00150985232,16,1.30,0.15098523204,0.242,0.02,0.00228365163,6.000,0.49,0.05661946202,17.7,0.16702741295,15.8,0.14947537972,
OH-FM1-76a,157,05/04/17 10:40,05/04/17 18:18,05/04/17 10:37,05/04/17 18:18,2146,0.17,0,0,0,0,434,58.1,6.72819103880,1.5,0.20,0.02325411649,2.8,0.4,0.04340768412,0.07,0.01,0.00108519210,1.02,0.14,0.01581279922,0.205,0.03,0.00317806259,0.540,0.07,0.00837148194,3.8,0.05922048334,1.0,0.01472760711,
OH-FM1-76b,158,05/04/17 18:18,05/04/17 23:15,05/04/17 18:18,05/05/17 00:15,1163,0.14,0,0,0,0,118,8.6,0.99172070426,1.6,0.12,0.01344706040,3.7,0.3,0.03109632717,0.05,0.00,0.00042022064,1.7,0.12,0.01428750167,0.182,0.01,0.00152960312,0.548,0.04,0.00460561819,5.4,0.04538382884,1.7,0.01386728103,
ESTIMATE,159,,,05/05/17 00:15,05/05/17 02:49,179,0.03,0,1,0,0,191,2.1,0.24769570491,1.1,0.01,0.00142651977,3.5,0.0,0.00453892653,0.05,0.00,0.00006484181,2.1,0.02,0.00272335592,0.162,0.00,0.00021008746,0.620,0.01,0.00080403841,5.6,0.00726228245,2.2,0.00285303953,
ESTIMATE,160,,,05/05/17 03:00,05/05/17 08:15,340,0.04,0,1,0,0,321,6.8,0.78865524345,0.1,0.00,0.00019654959,3.4,0.1,0.00835335772,0.05,0.00,0.00012284350,2.54,0.05,0.00624044959,0.135,0.00,0.00033167744,0.810,0.02,0.00199006463,5.9,0.01459380731,2.5,0.00614217479,
OH-FM1-78,161,05/05/17 08:40,05/05/17 17:44,05/05/17 08:37,05/05/17 17:44,16895,1.96,0,0,0,0,643,678.2,78.49251334367,0.6,0.63,0.07324340281,3.3,3.5,0.40283871545,0.05,0.05,0.00610361690,2.72,2.87,0.33203675940,0.118,0.12,0.01440453589,1.000,1.05,0.12207233802,6.0,0.73487547485,2.7,0.32593314250,
OH-FM1-79,162,05/05/17 17:44,05/06/17 00:45,05/05/17 17:44,05/06/17 01:15,3387,0.34,0,0,0,0,211,44.6,5.16437968785,1.1,0.23,0.02692330643,4.4,0.9,0.10769322572,0.05,0.01,0.00122378666,1.8,0.38,0.04405631961,0.120,0.03,0.00293708797,0.603,0.13,0.01475886707,6.2,0.15174954533,1.8,0.04283253296,
OH-FM1-80,163,05/11/17 02:45,05/11/17 06:30,05/11/17 02:44,05/11/17 07:00,964,0.30,0,0,0,0,6110,367.9,42.57800068468,0.7,0.04,0.00487800335,0.5,0.0,0.00348428811,0.07,0.00,0.00048780034,13.6,0.82,0.09477263655,0.183,0.01,0.00127524945,6.200,0.37,0.04320517254,14.1,0.09825692466,13.5,0.09428483621,
OH-FM1-81,164,05/19/17 13:11,05/19/17 16:15,05/19/17 13:11,05/19/17 16:30,8547,4.80,0,0,0,0,10700,5709.0,660.76351521142,0.5,0.27,0.03087679978,0.5,0.3,0.03087679978,0.09,0.05,0.00555782396,20.9,11.15,1.29065023065,0.149,0.08,0.00920128633,9.000,4.80,0.55578239597,21.4,1.32152703042,20.8,1.28509240669,
OH-FM1-82,165,05/19/17 17:29,05/19/17 21:15,05/19/17 17:28,05/19/17 22:00,9187,3.86,0,0,0,0,4700,2695.5,311.97917597369,0.5,0.29,0.03318927404,0.4,0.2,0.02655141923,0.06,0.03,0.00398271288,11.1,6.37,0.73680188368,0.133,0.08,0.00882834689,4.300,2.47,0.28542775674,11.5,0.76335330291,11.0,0.73281917080,
OH-FM1-83,166,05/20/17 15:15,05/20/17 17:00,05/20/17 15:15,05/20/17 17:30,419,0.15,0,0,0,0,3490,91.3,10.56905708914,0.8,0.02,0.00242270650,4.3,0.1,0.01302204742,0.06,0.00,0.00018170299,8.4,0.22,0.02543841821,0.130,0.00,0.00039368981,3.800,0.10,0.01150785586,12.7,0.03846046563,8.3,0.02525671522,
OH-FM1-84,167,05/21/17 08:26,05/21/17 10:15,05/21/17 08:26,05/21/17 10:45,329,0.08,0,0,0,0,1340,27.5,3.18716492842,0.5,0.01,0.00118924064,1.3,0.0,0.00309202568,0.05,0.00,0.00011892406,4.1,0.08,0.00975177329,0.149,0.00,0.00035439371,1.900,0.04,0.00451911445,5.4,0.01284379897,4.1,0.00963284922,
OH-FM1-1170 ,168,05/21/17 17:10,,05/21/17 16:51,05/21/17 18:30,187,0.11,1,0,0,0,3210,37.4,4.33290813303,1.5,0.02,0.00202472343,3.2,0.0,0.00431940998,0.08,0.00,0.00010798525,7.69,0.09,0.01038008210,0.148,0.00,0.00019977271,3.700,0.04,0.00499431779,10.9,0.01469949208,7.6,0.01027209685,
OH-FM1-85a,169,05/27/17 01:43,05/27/17 02:18,05/27/17 01:43,05/27/17 02:18,398,0.33,0,0,0,0,8820,219.3,25.37790313354,1.5,0.04,0.00431596992,1.4,0.0,0.00402823859,2.47,0.06,0.00710696380,26.7,0.66,0.07682426459,0.556,0.01,0.00159978618,11.000,0.27,0.03165044608,28.1,0.08085250318,24.2,0.06971730079,
OH-FM1-85b,170,05/27/17 02:18,05/27/17 08:30,05/27/17 02:18,05/27/17 09:45,7605,1.60,0,0,0,0,4030,1913.4,221.45461815712,0.5,0.24,0.02747575908,1.8,0.9,0.09891273268,1.44,0.68,0.07913018614,11.8,5.60,0.64842791421,0.287,0.14,0.01577108571,36.600,17.38,2.01122556440,13.6,0.74734064688,10.4,0.56929772807,
OH-FM1-87,171,05/28/17 19:34,05/28/17 23:30,05/28/17 19:34,05/29/17 00:00,7536,3.43,0,0,0,0,7240,3406.1,394.22082811860,0.7,0.33,0.03811527344,6,2.8,0.32670234374,0.94,0.44,0.05118336719,15.7,7.39,0.85487113280,0.142,0.07,0.00773195547,23.000,10.82,1.25235898435,21.7,1.18157347654,14.8,0.80368776561,
OH-FM1-88,172,06/30/17 20:19,06/30/17 20:50,06/30/17 20:19,06/30/17 21:45,163,0.10,0,0,0,0,2460,25.0,2.89505725064,1.0,0.01,0.00117685254,1.9,0.0,0.00223601983,0.20,0.00,0.00023537051,8.37,0.09,0.00985025577,0.311,0.00,0.00036600114,3.900,0.04,0.00458972491,10.3,0.01208627560,8.2,0.00961488526,
OH-FM1-89,173,07/10/17 12:20,07/10/17 13:00,07/10/17 12:20,07/10/17 13:00,462,0.36,0,0,0,0,3370,97.3,11.25609867199,0.5,0.01,0.00167004431,1.2,0.0,0.00400810635,0.05,0.00,0.00016700443,7.69,0.22,0.02568528154,0.173,0.00,0.00057783533,3.600,0.10,0.01202431906,8.9,0.02969338789,7.6,0.02551827711,
OH-FM1-90a,174,07/10/17 13:00,07/10/17 14:05,07/10/17 13:00,07/10/17 14:05,974,0.77,0,0,0,0,3330,202.4,23.42935601186,0.5,0.03,0.00351792132,2.2,0.1,0.01547885382,0.10,0.01,0.00070358426,7.18,0.44,0.05051735020,0.154,0.01,0.00108351977,3.300,0.20,0.02321828073,9.4,0.06599620402,7.1,0.04981376594,
OH-FM1-90b,175,07/10/17 14:05,07/10/17 16:15,07/10/17 14:05,07/10/17 16:30,759,0.43,0,0,0,0,2120,100.5,11.63055162707,0.5,0.02,0.00274305463,5.3,0.3,0.02907637907,0.20,0.01,0.00109722185,5.6,0.27,0.03072221185,0.167,0.01,0.00091618025,2.500,0.12,0.01371527315,10.9,0.05979859091,5.4,0.02962498999,
OH-FM1-92,176,07/10/17 22:27,07/10/17 23:45,07/10/17 22:27,07/11/17 00:45,450,0.30,0,0,0,0,2180,61.2,7.08384016557,0.6,0.02,0.00194968078,3.3,0.1,0.01072324429,0.25,0.01,0.00081236699,6.4,0.18,0.02079659498,0.163,0.00,0.00052966328,2.600,0.07,0.00844861671,9.7,0.03151983927,6.2,0.01998422799,
OH-FM1-93,177,07/13/17 02:32,07/13/17 14:30,07/13/17 02:32,07/13/17 16:15,48419,5.90,0,0,0,0,748,2261.0,261.68630225932,0.5,1.51,0.17492399884,15.5,46.9,5.42264396393,0.65,1.96,0.22740119849,3.81,11.52,1.33292087113,0.071,0.21,0.02483920783,1.000,3.02,0.34984799767,19.3,6.75556483506,3.2,1.10551967265,
ESTIMATE,178,ESTIMATE,,07/16/17 18:36,07/16/17 19:15,103,0.11,0,1,0,0,512,3.3,0.38081781770,0.4,0.00,0.00029751392,6,0.0,0.00446270880,0.56,0.00,0.00041651949,2.87,0.02,0.00213466238,0.063,0.00,0.00004685844,0.750,0.00,0.00055783860,8.9,0.00659737118,2.3,0.00171814289,
ESTIMATE,179,ESTIMATE,,07/22/17 05:45,07/22/17 06:30,57,0.05,0,1,0,0,378,1.4,0.15639901342,0.3,0.00,0.00012412620,4.1,0.0,0.00169639142,0.37,0.00,0.00015308898,1.95,0.01,0.00080682031,0.041,0.00,0.00001696391,0.620,0.00,0.00025652748,6.1,0.00250321172,1.6,0.00065373133,
ESTIMATE,180,ESTIMATE,,07/22/17 08:21,07/22/17 09:00,149,0.15,0,1,0,0,378,3.5,0.40693224444,0.3,0.00,0.00032296210,4.1,0.0,0.00441381535,0.37,0.00,0.00039831992,1.95,0.02,0.00209925364,0.041,0.00,0.00004413815,0.620,0.01,0.00066745500,6.1,0.00651306899,1.6,0.00170093372,
ESTIMATE,181,ESTIMATE,,07/23/17 19:04,07/23/17 20:00,254,0.26,0,1,0,0,512,8.1,0.94024588420,0.4,0.01,0.00073456710,2.3,0.0,0.00422376081,0.56,0.01,0.00102839394,2.87,0.05,0.00527051892,0.063,0.00,0.00011569432,0.750,0.01,0.00137731331,5.2,0.00949427973,2.3,0.00424212499,
OH-FM1-95,182,11/05/17 16:24,11/05/17 20:15,11/05/17 16:24,11/05/17 20:15,683,0.12,0,0,0,0,352,,15.00277738887,7.5,,0.31966145005,1.6,,0.06819444268,0.11,,0.00468836793,3.19,,0.13596267009,1.80,,0.07671874801,2.8,,0.11934027468,4.8,0.20415711276,3.1,0.13127430215,
OH-FM1-96,183,11/18/17 01:18,11/18/17 04:15,11/18/17 01:18,11/18/17 04:15,307,0.05,0,0,0,0,298,,5.71111841517,7.6,,0.14565268441,1.6,,0.03066372303,0.1,,0.00191648269,2.26,,0.04331250879,1.3,,0.02491427497,2,,0.03832965379,3.9,0.07397623182,2.2,0.04139602610,
OH-FM1-97,184,11/18/17 04:38,11/18/17 10:19,11/18/17 04:38,11/18/17 10:19,2182,0.23,0,0,0,0,149,,20.29817910079,6,,0.81737633963,2.1,,0.28608171887,0.06,,0.00817376340,1.57,,0.21388014220,0.973,,0.13255119641,1.5,,0.20434408491,3.7,0.49996186107,1.5,0.20570637881,
OH-FM1-98,185,11/18/17 10:19,11/18/17 21:56,11/18/17 10:19,11/18/17 21:56,26942,1.74,0,0,0,0,202,,339.74637202364,6.0,,10.09147639674,2.7,,4.54116437853,0.09,,0.15137214595,1.41,,2.37149695323,0.604,,1.01587529061,1.100,,1.85010400607,4.1,6.91266133177,1.3,2.22012480728,
OH-FM1-1265,186,11/19/17 00:12,,11/18/17 21:56,11/19/17 05:00,1060,0.13,1,0,0,0,59,,3.90505297318,9.0,,0.59568604676,5,,0.33093669264,0.06,,0.00397124031,1.15,,0.07611543931,0.511,,0.03382172999,0.794,,0.05255274679,6.2,0.40705213195,1.1,0.07214419900,
OH-FM1-99 ,187,01/10/18 14:00,01/10/18 21:40,01/10/18 14:00,01/10/18 21:40,3216,0.21,0,0,0,0,29,,5.82251437533,5.5,,1.10426996774,0.8,,0.16062108622,0.22,,0.04417079871,1.43,,0.28711019161,0.769,,0.15439701913,0.945,,0.18973365809,2.2,0.44773127783,1.2,0.24293939290,
OH-FM1-1279,188,01/10/18 22:30,,01/10/18 21:40,01/11/18 22:30,2628,0.06,1,0,0,0,20,,3.28173400208,6.0,,0.98452020063,0.4,,0.06563468004,0.20,,0.03281734002,1.13,,0.18541797112,0.559,,0.09172446536,0.686,,0.11256347627,1.5,0.25105265116,0.9,0.15260063110,
OH-FM1-100,189,01/12/18 00:30,01/12/18 18:45,01/12/18 00:30,01/12/18 18:45,4506,0.18,0,0,0,0,45,,12.65763046000,7.2,,2.02522087360,3.7,,1.04073850449,0.13,,0.03656648800,1.92,,0.54005889963,0.549,,0.15442309161,0.761,,0.21405459511,5.6,1.58079740412,1.8,0.50349241163,
,190,ESTIMATE,,01/13/18 04:45,01/13/18 20:15,969,0.04,0,1,0,0,32,,1.93493884989,8.2,,0.49582808028,4.2,,0.25396072405,0.17,,0.01027936264,2.01,,0.12153834651,0.523,,0.03162415683,0.812,,0.04909907332,6.2,0.37549907056,1.8,0.11125898387,
,191,ESTIMATE,,01/20/18 19:45,01/22/18 18:45,5016,0.05,0,1,0,0,56,,17.53622067711,7.4,,2.31728630376,3.9,,1.22127251144,0.12,,0.03757761574,2.4,,0.75155231473,0.531,,0.16628094963,0.865,,0.06000000000,6.3,1.97282482618,2.3,0.71397469900,
OH-FM1-101,192,01/22/18 20:45,01/23/18 05:15,01/22/18 20:45,01/23/18 05:15,1308,0.15,0,0,0,0,180,,14.70072773525,10.0,,0.81670709640,4.5,,0.36751819338,0.13,,0.01061719225,2.75,,0.22459445151,0.476,,0.03887525779,0.937,,0.07652545493,7.3,0.59211264489,2.6,0.21397725926,
OH-FM1-102,193,02/14/18 12:15,02/14/18 21:59,02/14/18 12:15,02/14/18 21:59,2651,0.15,0,0,0,0,78,,12.90896839261,6.4,,1.05919740657,0.7,,0.11584971634,0.29,,0.04799488249,1.69,,0.27969431517,0.687,,0.11369822161,0.942,,0.15590061828,2.4,0.39554403152,1.4,0.23169943269,
,194,ESTIMATE,,02/14/18 21:59,02/15/18 13:04,2771,0.07,0,1,0,0,46,,7.95646873203,5.6,,0.96861358477,2.2,,0.38052676545,0.22,,0.03805267654,1.73,,0.29923241101,0.621,,0.10741232788,0.856,,0.14805950510,3.9,0.67975917645,1.5,0.26117973446,
OH-FM1-103,195,02/15/18 13:04,02/16/18 03:21,02/15/18 13:04,02/16/18 03:21,2675,0.19,0,0,0,0,59,,9.85199933669,8.8,,1.46945074852,4.6,,0.76812198218,0.15,,0.02504745594,1.83,,0.30557896248,0.511,,0.08532833324,0.778,,0.12991280481,6.4,1.07370094466,1.7,0.28053150654,
OH-FM1-104,196,02/19/18 06:56,02/19/18 19:15,02/19/18 06:56,02/19/18 19:15,3663,0.19,0,0,0,0,105,,24.01296555423,3.0,,0.68608473012,1.4,,0.32017287406,0.09,,0.02058254190,1.49,,0.34075541596,0.463,,0.10588574335,0.893,,0.20422455467,2.9,0.66092829002,1.4,0.32017287406,
,197,ESTIMATE,,02/21/18 10:15,02/21/18 15:00,411,0.04,0,1,0,0,86,,2.20606191513,2.9,,0.07439045993,0.9,,0.02308669446,0.08,,0.00205215062,1.23,,0.03155181576,0.452,,0.01159465100,0.832,,0.02134236643,2.1,0.05463851022,1.2,0.02949966514,
,198,ESTIMATE,,02/22/18 04:15,02/22/18 09:45,559,0.04,0,1,0,0,101,,3.52542420052,2.7,,0.09424401328,0.8,,0.02792415208,0.07,,0.00244336331,1.12,,0.03909381292,0.413,,0.01441584351,0.812,,0.02835697644,1.9,0.06701796500,1.1,0.03665044961,
,199,ESTIMATE,,02/24/18 06:47,02/24/18 08:00,60,0.02,0,1,0,0,102,,0.38180867318,2.8,,0.01048102240,0.8,,0.00299457783,0.07,,0.00026202556,0.8,,0.00299457783,0.423,,0.00158338303,0.782,,0.00292719983,1.6,0.00598915566,0.7,0.00273255227,
,200,ESTIMATE,,02/24/18 11:15,02/24/18 13:30,136,0.02,0,1,0,0,102,,0.86470300165,2.5,,0.02119370102,0.4,,0.00339099216,0.08,,0.00067819843,0.86,,0.00729063315,0.438,,0.00371144092,0.761,,0.00645136259,1.3,0.01068162531,0.8,0.00661243472,
OH-FM1-105,201,02/24/18 21:52,02/25/18 04:30,02/24/18 21:52,02/25/18 04:30,2609,0.21,0,0,0,0,105,,17.10422748942,2.4,,0.39095377119,0.3,,0.04886922140,0.07,,0.01140281833,0.7,,0.11402818326,0.429,,0.06988298660,0.744,,0.12119566907,1.0,0.16289740466,0.6,0.10262536494,
OH-FM1-106,202,03/01/18 11:00,03/01/18 22:45,03/01/18 11:00,03/01/18 22:45,3301,0.22,0,0,0,0,123,,25.34965510374,2.0,,0.41218951388,0.3,,0.06182842708,0.11,,0.02267042326,1.76,,0.36272677222,0.462,,0.09521577771,0.926,,0.19084374493,2.1,0.42455519930,1.7,0.34005634895,
OH-FM1-107,203,03/29/18 14:56,03/30/18 01:15,03/29/18 14:56,03/30/18 01:15,3021,0.21,0,0,0,0,111,,20.93373149121,1.6,,0.30174748095,0.5,,0.09429608780,0.08,,0.01508737405,1.7,,0.32060669851,0.464,,0.08750676948,0.988,,0.18632906949,2.2,0.41490278631,1.6,0.30551932447,
OH-FM1-1371,204,04/03/18 06:40,,04/03/18 05:56,04/03/18 10:30,603,0.06,1,0,0,0,199,,7.49720947331,2.0,,0.07534883893,0.4,,0.01506976779,0.09,,0.00339069775,2.35,,0.08853488574,0.398,,0.01499441895,0.992,,0.03737302411,2.8,0.10360465353,2.3,0.08514418799,
OH-FM1-108,205,04/03/18 12:00,04/03/18 22:17,04/03/18 12:00,04/03/18 22:17,5422,0.28,0,0,0,0,144,,48.74617893170,0.8,,0.27081210518,0.1,,0.03385151315,0.07,,0.02369605920,1.98,,0.67025996031,0.331,,0.11204850852,0.935,,0.31651164792,2.1,0.70411147346,1.9,0.64656390111,
OH-FM1-1380,206,04/03/18 22:17,,04/03/18 22:17,04/04/18 02:15,861,0.14,1,0,0,0,164,,8.81214719460,1.1,,0.05910586533,0.1,,0.00537326048,0.69,,0.03707549734,3.01,,0.16173514058,1.800,,0.09671868872,2.600,,0.13970477260,3.1,0.16710840107,2.3,0.12465964324,
OH-FM1-1381,207,04/15/18 04:46,,04/15/18 03:45,04/15/18 09:18,739,0.06,1,0,0,0,95,,4.38335406892,2,,0.09228113829,0.3,,0.01384217074,19.3,,0.89051298453,20.3,,0.93665355367,45,,2.07632561159,46,,2.12246618074,20.6,0.95049572442,1.0,0.04614056915,
OH-FM1-1382,208,04/15/18 10:01,,04/15/18 09:18,04/15/18 12:34,427,0.06,1,0,0,0,70,,1.86668630400,2.2,,0.05866728384,0.3,,0.00800008416,23.4,,0.62400656448,24.2,,0.64534012224,40,,1.06667788800,42,,1.12001178240,24.5,0.65334020640,0.8,0.02133355776,
OH-FM1-109,209,04/15/18 14:12,04/15/18 21:15,04/15/18 14:12,04/15/18 21:15,1544,0.11,0,0,0,0,90,,8.67738531156,1.2,,0.11569847082,0.1,,0.00964153924,13.8,,1.33053241444,16.7,,1.61013705226,22,,2.12113863172,25,,2.41038480877,16.8,1.61977859149,2.9,0.27960463782,
,210,ESTIMATE,,04/18/18 08:00,04/18/18 08:45,51,0.03,0,1,0,0,105,,0.33418720628,2.5,,0.00795683824,0.6,,0.00190964118,12.4,,0.03946591769,12.3,,0.03914764416,18,,0.05728923536,21,,0.06683744126,12.9,0.04105728534,,0.00000000000,
OH-FM1-110,211,05/22/18 15:38,05/22/18 17:15,05/22/18 15:38,05/22/18 17:15,698,0.32,0,0,0,0,952,,41.50933545103,4,,0.17440897248,1.5,,0.06540336468,0.43,,0.01874896454,6.53,,0.28472264758,1.2,,0.05232269175,3,,0.13080672936,8.03,0.35012601226,6.1,0.26597368304,
OH-FM1-1392,212,05/30/18 22:05,,05/30/18 22:00,05/30/18 22:45,117,0.09,1,0,0,0,710,,5.16974454456,3.7,,0.02694092227,2.3,,0.01674705979,0.47,,0.00342222526,3.13,,0.02279056398,1.4,,0.01019386248,0.322,,0.00234458837,5.43,0.03953762377,2.7,0.01936833872,
OH-FM1-111,213,06/09/18 22:45,06/10/18 05:45,06/09/18 22:40,06/10/18 05:45,9984,1.73,0,0,0,0,252,,157.07496484383,0.7,,0.43631934679,1,,0.62331335255,0.33,,0.20569340634,2.22,,1.38375564267,1.1,,0.68564468781,1.6,,0.99730136409,3.22,2.00706899523,1.9,1.17806223633,
,214,ESTIMATE,,06/10/18 22:30,06/10/18 23:45,121,0.04,0,1,0,0,135,,1.02351147516,0.9,,0.00682340983,0.8,,0.00606525319,0.34,,0.00257773260,2.1,,0.01592128961,1.1,,0.00833972313,1.5,,0.01137234972,2.9,0.02198654280,1.8,0.01334355701,
OH-FM1-112,215,06/11/18 00:45,06/11/18 10:01,06/11/18 00:59,06/11/18 10:01,6050,0.51,0,0,0,0,37,,13.97362296884,1.5,,0.56649822847,0.7,,0.26436583995,0.34,,0.12840626512,2.03,,0.76666093586,1.2,,0.45319858277,1.4,,0.52873167990,2.73,1.03102677581,1.7,0.63825467074,
OH-FM1-113,216,06/11/18 10:01,06/11/18 17:00,06/11/18 10:01,06/11/18 17:00,10681,1.42,0,0,0,0,61,,40.67328877236,0.7,,0.46674265804,0.4,,0.26671009031,0.28,,0.18669706322,1.48,,0.98682733415,0.844,,0.56275829056,1,,0.66677522578,1.88,1.25353742446,1.2,0.80013027093,
OH-FM1-1415,217,07/05/18 14:05,,07/05/18 14:03,07/05/18 14:30,92,0.12,1,0,0,0,190,,1.09168451868,0.8,,0.00459656639,0.3,,0.00172371240,0.22,,0.00126405576,1.32,,0.00758433455,0.812,,0.00466551489,1.1,,0.00632027879,1.62,0.00930804695,1.1,0.00632027879,
,218,ESTIMATE,,08/17/18 09:56,08/17/17 10:30,280,0.33,0,1,0,0,256,,4.46712598204,0.7,,0.01221479761,0.2,,0.00348994217,0.17,,0.00296645085,1.56,,0.02722154895,0.742,,0.01294768546,1.2,,0.02093965304,1.8,0.03071149113,1.4,0.02425509811,
,219,ESTIMATE,,08/17/18 20:19,08/17/18 21:59,643,0.49,0,1,0,0,180,,7.23009561213,0.8,,0.03213375828,0.3,,0.01205015935,0.12,,0.00482006374,1.62,,0.06507086051,0.712,,0.02859904487,1,,0.04016719785,1.9,0.07712101986,1.5,0.06000000000,
OHFM1-115,220,08/20/18 20:03,08/20/18 21:30,08/20/18 20:03,08/20/18 21:30,1208,0.90,0,0,0,0,248,,18.69900619248,0.9,,0.06785929667,0.3,,0.02261976556,0.1,,0.00753992185,1.76,,0.13270262459,0.682,,0.05142226703,1.1,,0.08293914037,2.06,0.15532239015,1.7,0.12516270274,
,221,ESTIMATE,,08/21/18 04:09,08/21/18 05:15,108,0.06,0,1,0,0,143,,0.96426494589,1.2,,0.00809173381,0.2,,0.00134862230,0.09,,0.00060688004,1.75,,0.01180044514,0.723,,0.00487526962,1.1,,0.00741742266,2.0,0.01314906744,1.7,0.01000000000,
OH-FM1-116,222,08/21/18 06:35,08/21/18 09:00,08/21/18 06:35,08/21/18 09:00,593,0.25,0,0,0,0,93,,3.44136469298,1.4,,0.05180549000,0.2,,0.00740078429,0.06,,0.00222023529,1.74,,0.06438682329,0.797,,0.02949212538,1.1,,0.04070431357,1.94,0.07178760757,1.7,0.06216658800,
