"unique_storm_number","sub_storms","suspended_sediment_load_pounds","chloride_load_pounds","no2_no3_n_load_pounds","ammonium_n_load_pounds","tkn_unfiltered_load_pounds","orthophosphate_load_pounds","total_phosphorus_unfiltered_load_pounds","total_nitrogen_computed_load_pounds","organic_nitrogen_computed_load_pounds","sum_runoff","sample_start","sample_end","storm_start","storm_end","peak_discharge","runoff_volume","frozen"
1,"OH-FM1-2",1.9722537576,0.07200291496,0.00156528076,0.0006261123,0.03349700826,0.00563501074,0.01036215863,0.03506228902,0.03287089596,501,0012-10-02 03:57:00,0012-10-02 07:15:00,0012-10-02 03:56:00,0012-10-02 07:30:00,0.17,501,0
4,"OH-FM1-3",6.5472047982,0.15026371668,0.00536656131,0.00107331226,0.09659810358,0.01051846017,0.02425685712,0.10196466489,0.09552479132,1719,0012-10-05 20:49:00,0012-10-06 04:15:00,0012-10-05 20:45:00,0012-10-06 04:30:00,0.28,1719,0
6,"OH-FM1-4",2.4529707888,0.4599320229,0.00511035581,0.00204414232,0.11651611247,0.00909643334,0.01993038766,0.12162646828,0.11447197014,1637,0012-10-30 10:45:00,0012-10-31 06:45:00,0012-10-30 10:30:00,0012-10-31 07:00:00,0.07,1637,0
9,"OH-FM1-5",11.27519952,0.344987448,0.029450148,0.0025242984,0.151457904,0.00740460864,0.0479616696,0.180908052,0.1489336056,674,0012-12-09 23:21:00,0012-12-10 05:45:00,0012-12-09 23:20:00,0012-12-10 06:00:00,0.1,674,0
10,"OH-FM1-6",130.4666475756,0.51415427616,0.0918132636,0.01560825481,0.98240192052,0.0090895131,0.41775034938,1.07421518412,0.96679366571,1471,0012-12-20 11:12:00,0012-12-20 21:00:00,0012-12-20 11:11:00,0012-12-20 21:15:00,0.13,1471,0
11,"OH-FM1-7",1.780628225,0.4029842825,0.1030890025,0.01593193675,0.11339790275,0.01030890025,0.0318638735,0.21648690525,0.097465966,1501,0013-01-09 11:45:00,0013-01-10 01:00:00,0013-01-09 11:30:00,0013-01-10 01:15:00,0.07,1501,0
12,"OH-FM1-8",730.8903426072,0.1576553802,0.6306215208,0.06936836729,3.65760482064,0.03090045452,1.28016168722,4.28822634144,3.58823645335,10102,0013-01-10 18:30:00,0013-01-11 18:30:00,0013-01-10 18:15:00,0013-01-11 18:30:00,1.1,10102,0
13,"OH-FM1-9",3086.205174196,0.9037204024,0.1129650503,0.06777903018,10.6187147282,0.04970462213,4.41693346673,10.7316797785,10.55093569802,18095,0013-01-12 22:05:00,0013-01-13 13:45:00,0013-01-12 22:03:00,0013-01-13 14:00:00,1.27,18095,0
14,"OH-FM1-10",295.5489343848,0.12073077385,0.02414615477,0.02897538572,1.4487692862,0.02366323167,0.50706925017,1.47291544097,1.41979390048,7736,0013-01-13 16:19:00,0013-01-14 04:00:00,0013-01-13 16:15:00,0013-01-14 04:15:00,0.47,7736,0
16,"OH-FM1-11",184.461972882,0.7302746727,0.2434248909,0.01352360505,1.22523861753,0.02271965648,0.41652703554,1.46866350843,1.21171501248,4333,0013-01-30 05:59:00,0013-01-30 14:00:00,0013-01-30 05:57:00,0013-01-30 14:15:00,0.44,4333,0
19,"OH-FM1-12",296.08617844,1.8790084401,2.0498273892,0.04555171976,2.59075406135,0.03245560033,0.83815164358,4.64058145055,2.54520234159,9121,0013-02-26 12:52:00,0013-02-28 00:45:00,0013-02-26 12:48:00,0013-02-28 01:00:00,0.24,9121,0
21,"OH-FM1-13",2.533818457,0.2048619178,0.0808665465,0.00700843403,0.08787498053,0.00355812805,0.01881494982,0.16874152703,0.0808665465,864,0013-03-07 12:45:00,0013-03-08 02:45:00,0013-03-07 12:30:00,0013-03-08 03:00:00,0.06,864,0
24,"OH-FM1-14",51.2365260576,0.22169650698,0.05747687218,0.00410549087,0.34650342943,0.00394127124,0.11659594071,0.40398030161,0.34239793856,1315,0013-03-11 05:14:00,0013-03-11 22:00:00,0013-03-11 05:04:00,0013-03-11 22:15:00,0.07,1315,0
27,"OH-FM1-15",14079.0011408176,0.8106288082,4.21526980264,0.5836527419,35.34341603752,0.1880658835,13.58613882543,39.55868584016,34.75976329562,51940,0013-04-10 15:37:00,0013-04-11 14:30:00,0013-04-10 15:33:00,0013-04-11 14:45:00,11.26,51940,0
28,"OH-FM1-16",414.782195178,0.3005668081,1.2022672324,0.0480906893,2.24823972459,0.0408770859,0.78628276999,3.45050695699,2.20014903529,19258,0013-04-11 19:08:00,0013-04-12 10:30:00,0013-04-11 19:06:00,0013-04-12 10:45:00,1.02,19258,0
31,"OH-FM1-17",124.116650893,0.08187114175,0.0654969134,0.01637422835,0.74993965843,0.01899410489,0.24168361045,0.81543657183,0.73356543008,5246,0013-04-24 07:18:00,0013-04-24 18:15:00,0013-04-24 07:16:00,0013-04-24 18:30:00,0.48,5246,0
32,"OH-FM1-18",504.203847858,0.03926821245,0.01570728498,0.01570728498,1.27229008338,0.00424096694,0.43980397944,1.28799736836,1.2565827984,2516,0013-04-28 17:43:00,0013-04-28 23:15:00,0013-04-28 17:41:00,0013-04-28 23:45:00,0.87,2516,0
38,"OH-FM1-19",924.523641744,0.0236572068,0.16086900624,0.01040917099,1.76955906864,0.00861122328,0.68132755584,1.93042807488,1.75914989765,1516,0013-07-02 16:43:00,0013-07-02 19:04:00,0013-07-02 16:42:00,0013-07-02 19:15:00,1.51,1516,0
39,"OH-FM1-20",340.0299848448,0.0478645812,0.478645812,0.00957291624,0.94771870776,0.02488958222,0.36759998362,1.42636451976,0.93814579152,3067,0013-07-04 14:07:00,0013-07-04 18:30:00,0013-07-04 14:06:00,0013-07-04 18:45:00,1.04,3067,0
41,"OH-FM1-21",29.1602744004,0.11215490154,0.13254670182,0.00611754008,0.19270251265,0.01865849726,0.05607745077,0.32524921447,0.18658497256,1633,0013-07-10 15:17:00,0013-07-10 21:30:00,0013-07-10 15:16:00,0013-07-10 21:45:00,0.49,1633,0
44,"OH-FM1-22",13.8737381832,0.12933145764,0.00587870262,0.00058787026,0.13521016026,0.01963486675,0.04444299181,0.14108886288,0.13462229,1883,0013-07-27 07:46:00,0013-07-27 14:00:00,0013-07-27 07:46:00,0013-07-27 14:15:00,0.66,1883,0
45,"OH-FM1-23",3.296016335,0.10547252272,0.03955219602,0.00263681307,0.1977609801,0.02135818585,0.04798999784,0.23731317612,0.19512416703,2112,0013-08-02 22:30:00,0013-08-03 09:00:00,0013-08-02 22:29:00,0013-08-03 09:15:00,0.13,2112,0
49,"OH-FM1-24",47.30578352,3.641300442,0.124488904,0.0062244452,0.7220356432,0.11919812558,0.23528402856,0.8465245472,0.715811198,4985,0013-10-31 21:40:00,0013-11-01 10:15:00,0013-10-31 21:37:00,0013-11-01 10:30:00,0.38,4985,0
51,"OH-FM1-25",51.2357062,1.31500844,1.77402082,1.22816826,3.63488182,0.0664947664,0.187326674,5.40890264,2.40671356,1987,0013-11-17 18:13:00,0013-11-18 05:15:00,0013-11-17 18:00:00,0013-11-18 05:30:00,0.28,1987,0
52,"OH-TM1-26a",7.8641604,3.0582846,2.35924812,0.600006312,1.007777592,0.0664084656,0.1103895108,3.367025712,0.40777128,4666,0013-12-20 04:00:00,0013-12-21 00:00:00,0013-12-20 03:45:00,0013-12-21 00:00:00,0.11,4666,0
53,"OH-FM1-26b",423.18783916,11.64737172,10.094388824,3.7271589504,9.512020238,0.6211931584,1.63451449804,19.606409062,5.7848612876,62191,0013-12-21 00:00:00,0013-12-22 17:00:00,0013-12-21 00:00:00,0013-12-22 17:15:00,2.8,62191,0
55,"OH-FM1-27",24.919356,2.99032272,2.36733882,0.56068551,2.093225904,0.2541774312,0.4497943758,4.460564724,1.532540394,19958,0014-01-10 23:45:00,0014-01-12 09:15:00,0014-01-10 23:30:00,0014-01-11 22:27:00,0.54,19958,0
59,"OH-FM1-29a",5.2238953,1.462690684,0.940301154,0.2716425556,1.2432870814,0.14208995216,0.2455230791,2.1835882354,0.9716445258,16736,0014-02-19 15:00:00,0014-02-21 08:50:00,0014-02-19 14:45:00,0014-02-21 08:50:00,0.57,16736,1
60,"OH-FM1-29b",27.60870468,1.598398692,0.871853832,0.217963458,1.525744206,0.16565222808,0.34292917392,2.397598038,1.307780748,23276,0014-02-21 08:50:00,0014-02-24 09:15:00,0014-02-21 08:50:00,0014-02-24 09:45:00,0.32,23276,1
61,"OH-FM1-30a",12.6862176,1.26862176,0.253724352,0.3008445888,0.7720469568,0.0743049888,0.13338651648,1.0257713088,0.471202368,5806,0014-03-07 14:00:00,0014-03-08 09:30:00,0014-03-07 13:45:00,0014-03-08 09:30:00,0.22,5806,1
62,"OH-FM1-30b",7.9774302,0.8252514,0.4126257,0.170551956,0.5501676,0.0365861454,0.0844507266,0.9627933,0.379615644,4406,0014-03-08 09:30:00,0014-03-11 16:15:00,0014-03-08 09:30:00,0014-03-11 16:30:00,0.04,4406,1
63,"OH-FM1-31",22.1793056,0.637655036,0.429724046,0.1205999742,0.5558688466,0.01607999656,0.09481653144,0.9855928926,0.4352688724,2220,0014-03-12 06:02:00,0014-03-13 01:30:00,0014-03-12 06:00:00,0014-03-13 01:45:00,0.23,2220,0
65,"OH-FM1-32a",726.3992274,1.37056458,3.36411306,0.847258104,5.581935744,0.6317056746,0.8522419752,8.946048804,4.73467764,19958,0014-04-03 11:29:00,0014-04-04 04:30:00,0014-04-03 11:24:00,0014-04-04 16:30:00,1.76,19958,0
66,"OH-FM1-32b",9.061584,0.26052054,0.17556819,0.049272363,0.227105949,0.0065696484,0.0387382716,0.402674139,0.177833586,907,0014-04-04 04:30:00,0014-04-04 16:27:00,0014-04-04 04:30:00,0014-04-04 16:27:00,0.04,907,0
70,"OH-FM1-33",4.56639108,1.44418995,0.08252514,0.0668453634,0.1273637994,0.2239182132,0.232445811,0.2098889394,0.060518436,441,0014-04-29 02:45:00,0014-04-29 09:00:00,0014-04-29 02:45:00,0014-04-29 08:15:00,0.06,441,0
73,"OH-FM1-34",1.61382496,0.512626752,0.194608304,0.0061705072,0.0458041496,0.01075092216,0.01523640624,0.2404124536,0.0396336424,380,0014-06-04 16:43:00,0014-06-04 20:45:00,0014-06-04 16:43:00,0014-06-04 21:00:00,0.06,380,0
74,"OH-FM1-35",285.1054804,13.354940924,3.901443416,0.2025749466,2.1157827756,0.26784909606,0.71126314584,6.0172261916,1.913207829,12018,0014-06-08 07:00:00,0014-06-08 19:30:00,0014-06-08 07:00:00,0014-06-08 19:45:00,1.52,12018,0
76,"OH-FMI-36",41.10561042,1.298449474,0.659985368,0.0408903978,0.2625593964,0.02309948788,0.0946935528,0.9225447644,0.2216689986,1149,0014-06-19 02:10:00,0014-06-19 05:50:00,0014-06-19 02:05:00,0014-06-19 09:45:00,0.18,1149,0
77,"OH-FMI-37",31.28404,4.16077732,0.5474707,0.02346303,0.43015555,0.0386357894,0.0979190452,0.97762625,0.40669252,2506,0014-06-20 12:50:00,0014-06-20 17:05:00,0014-06-20 12:49:00,0014-06-20 21:00:00,0.28,2506,0
78,"OH-FM1-38",599.0030652,13.17085053,2.70633915,0.198464871,2.52591654,0.1581704881,0.950225746,5.23225569,2.327451669,9634,0014-06-23 16:32:00,0014-06-24 01:15:00,0014-06-23 16:32:00,0014-06-24 01:30:00,2.02,9634,0
79,"OH-FM1-39",456.49509354,6.232589838,1.066839702,0.1291437534,2.0045356506,0.11679087264,0.8029372494,3.0713753526,1.8753918972,8994,0014-06-24 08:12:00,0014-06-24 16:30:00,0014-06-24 08:11:00,0014-06-24 16:45:00,1.49,8994,0
83,"OH-FM1-41",29.78510298,0.113107986,0.087972878,0.018851331,0.1709187344,0.0333040181,0.0716350578,0.2588916124,0.1520674034,2013,0014-08-11 12:30:00,0014-08-12 11:00:00,0014-08-11 15:21:00,0014-08-11 17:30:00,0.82,2013,0
86,"OH-FM1-42",2.8155636,0.91263096,0.00970884,0.011650608,0.12621492,0.0749522448,0.09223398,0.13592376,0.31068288,1555,0015-01-03 14:30:00,0015-01-04 02:15:00,0015-01-03 14:00:00,0015-01-04 13:12:00,0.04,1555,0
92,"OH-FM1-43a",7.72500036,1.40454552,0.35113638,0.035113638,0.304318196,0.06952500324,0.1088522778,0.327727288,1.919545544,3750,0015-03-09 14:37:00,0015-03-10 05:30:00,0015-03-09 14:37:00,0015-03-10 05:30:00,0.09,3750,0
93,"OH-FM1-43b",34.53758016,4.31719752,2.446411928,0.107929938,1.367112548,0.1870785592,0.3669617892,1.43906584,6.619702864,11526,0015-03-10 10:50:00,0015-03-11 10:25:00,0015-03-10 05:30:00,0015-03-11 10:25:00,0.21,11526,0
94,"OH-FM1-43c",28.07580776,4.594223088,2.297111544,0.095712981,1.084747118,0.15760737538,0.29415789494,1.148555772,6.508482708,10221,0015-03-11 10:26:00,0015-03-12 20:35:00,0015-03-11 10:25:00,0015-03-12 20:35:00,0.25,10221,0
95,"OH-FM1-44",79.05584784,9.860729408,4.930364704,0.085006288,1.870138336,0.16491219872,0.53468955152,1.955144624,9.520704256,13617,0015-03-13 17:13:00,0015-03-14 11:02:00,0015-03-12 20:35:00,0015-03-14 16:16:00,0.39,13617,0
100,"OH-FM1-47",2868.989189,0.28182605,4.05829512,0.422739075,6.7638252,0.0710201646,2.564617055,6.82019041,9.13116402,9029,0015-06-14 00:43:00,0015-06-14 09:30:00,0015-06-14 00:41:00,0015-06-14 10:45:00,2.48,9029,0
102,"OH-FM1-48",124.003462,0.12459678,0.18392858,0.010679724,0.33225808,0.0082471202,0.135869822,0.33819126,1.07983876,950,0015-06-15 17:52:00,0015-06-15 20:00:00,0015-06-15 17:52:00,0015-06-15 20:00:00,0.48,950,0
103,"OH-FM1-49",2010.0966584,0.66559492,9.584566848,1.5841159096,8.120258024,0.15441802144,2.2896465248,8.253377008,25.558844928,21324,0015-06-15 22:43:00,0015-06-16 07:45:00,0015-06-15 20:00:00,0015-06-16 07:45:00,3.05,21324,0
106,"OH-FM1-50",64.18028682,0.27427473,6.418028682,0.3675281382,1.042243974,0.05814624276,0.2139342894,1.09709892,12.177798012,8787,0015-06-27 00:20:00,0015-06-27 09:45:00,0015-06-27 00:19:00,0015-06-27 11:45:00,0.83,8787,0
107,"OH-FM1-51",216.183504,0.0647256,1.25567664,0.086732304,0.27184752,0.0088026816,0.0302915808,0.28479264,3.00326784,2074,0015-06-27 21:15:00,0015-06-28 03:30:00,0015-06-27 21:00:00,0015-06-28 04:45:00,0.2,2074,0
108,"OH-FM1-52",45.81547658,0.087163808,0.032686428,0.0049029642,0.16343214,0.0065372856,0.062648987,0.168879878,1.318352596,873,0015-06-30 12:38:00,0015-06-30 14:29:00,0015-06-30 12:34:00,0015-06-30 15:45:00,0.42,873,0
118,"OH-FM1-53",23.40477696,0.05178048,0.010356096,0.0020712192,0.165697536,0.00859555968,0.05405882112,0.176053632,3.541784832,1659,0015-07-17 10:38:00,0015-07-17 13:15:00,0015-07-17 10:36:00,0015-07-17 14:00:00,0.54,1659,0
119,"OH-FM1-54",1.19095104,0.036246336,0.001726016,0.0006904064,0.032794304,0.00100108928,0.00778433216,0.03452032,0.607557632,276,0015-07-17 17:41:00,0015-07-17 19:15:00,0015-07-17 17:39:00,0015-07-17 20:00:00,0.13,276,0
123,"OHFM1-55",106.41068433333,0.65339893889,0.12834622014,0.0058339191,0.48771563653,0.05997268832,0.23335676389,0.61606185667,0.48188171743,16148,0015-12-27 01:11:00,0015-12-27 04:23:00,0015-12-27 01:02:00,0015-12-27 15:00:00,0.97,16148,0
124,"OHFM1-56",16.49316663426,0.67157804259,0.1975229537,0.00197522954,0.14616698574,0.03683803087,0.08374973237,0.34368993944,0.1441917562,13668,0015-12-28 09:22:00,0015-12-29 04:15:00,0015-12-28 09:22:00,0015-12-29 04:15:00,0.87,13668,0
125,"OHFM1-57",1.34720143519,0.05356343056,0.01785447685,0.00024347014,0.01371548449,0.00309207076,0.00745830192,0.03156996134,0.01347201435,1123,0016-01-10 03:58:00,0016-01-10 10:15:00,0016-01-10 03:58:00,0016-01-10 10:15:00,0.1,1123,0
126,"OHFM1-58",0.7146785,0.0261387044,0.00860261157,0.00016543484,0.00608800204,0.00115473517,0.00314326192,0.01469061361,0.0059225672,458,0016-01-15 15:45:00,0016-01-15 23:00:00,0016-01-15 15:37:00,0016-01-16 00:00:00,0.04,458,0
128,"OHFM1-59",1.78438640509,0.05233359421,0.01639365602,0.00018915757,0.01733944387,0.00167089186,0.00624219979,0.03373309988,0.0171502863,873,0016-02-24 07:42:00,0016-02-24 14:45:00,0016-02-24 07:36:00,0016-02-24 15:15:00,0.11,873,0
131,"OHFM1-60",0.62927666667,0.02112571667,0.0080907,0.00022474167,0.007686165,0.000970884,0.00275533283,0.015776865,0.00746142333,622,0016-03-10 14:21:00,0016-03-10 21:15:00,0016-03-10 14:14:00,0016-03-10 22:00:00,0.07,622,0
133,"OHFM1-61",4.00464678704,0.01303501667,0.00217250278,0.00021725028,0.02534586574,0.00175248557,0.01231084907,0.02751836852,0.02512861546,1002,0016-03-14 19:23:00,0016-03-15 00:00:00,0016-03-14 19:23:00,0016-03-15 00:00:00,0.18,1002,0
134,"OHFM1-62",20.99773877315,0.01354692824,0.00774110185,0.00116116528,0.07412105023,0.00239974157,0.03096440741,0.08186215208,0.07295988495,1339,0016-05-01 23:59:00,0016-05-02 05:15:00,0016-05-01 23:59:00,0016-05-02 05:15:00,0.24,1339,0
135,"OHFM1-63",1.90150178472,0.00494431667,0.00061803958,0.00016481056,0.00949720826,0.00049855193,0.00391425069,0.01011524785,0.00933239771,285,0016-05-12 22:11:00,0016-05-12 23:45:00,0016-05-12 22:11:00,0016-05-12 23:45:00,0.09,285,0
136,"OHFM1-64a",0.78609640741,0.00119862222,0.00019977037,5.993111e-05,0.00236727889,0.00036557978,0.00159816296,0.00256704926,0.00230734778,138,0016-06-23 02:02:00,0016-06-23 02:55:00,0016-06-23 02:02:00,0016-06-23 02:58:00,0.1,138,0
137,"OHFM1-64b",197.61035324074,0.05200272454,0.01040054491,0.00312016347,0.45450381245,0.02683340586,0.24961307778,0.46490435736,0.45138364898,14394,0016-06-23 02:58:00,0016-06-23 04:13:00,0016-06-23 02:58:00,0016-06-23 10:00:00,2.65,14394,0
138,"OHFM1-66",88.2560525,0.037082375,0.066748275,0.00296659,0.265509805,0.01594542125,0.1186636,0.33225808,0.262543215,10264,0016-06-26 19:56:00,0016-06-27 01:15:00,0016-06-26 19:56:00,0016-06-27 01:00:00,2.68,10264,0
139,"OHFM1-67",0.04682118056,0.00044948333,1.872847e-05,1.87285e-06,0.00033149396,8.109428e-05,0.00017792049,0.00035022243,0.00032962111,26,0016-08-13 14:35:00,0016-08-13 14:55:00,0016-08-13 14:35:00,0016-08-13 14:55:00,0.04,26,0
140,"OHFM1-68",0.08490240741,0.00249712963,0.00012485648,4.369977e-05,0.00153573472,0.00046384183,0.00068671065,0.0016605912,0.00149203495,86,0016-08-14 01:42:00,0016-08-14 02:30:00,0016-08-14 01:39:00,0016-08-14 02:30:00,0.09,86,0
146,"OH-FM1-70",0.76138605899,0.05088855802,0.0295231329,0.00023307736,0.01021655783,0.00165096467,0.0036204684,0.03973969073,0.00998348047,538,0017-01-12 08:07:00,0017-01-12 15:15:00,0017-01-12 08:03:00,0017-01-12 16:30:00,0.09,538,0
148,"OH-FM1-71",0.3701238102,0.01497610793,0.00492072118,0.0001069722,0.00515606001,0.00073168984,0.00213944399,0.01007678119,0.00504908782,296,0017-01-20 05:12:00,0017-01-20 08:15:00,0017-01-20 04:55:00,0017-01-20 10:15:00,0.04,296,0
150,"OH-FM1-72",0.72181404792,0.06969239083,0.00398242233,0.00054758307,0.01115078253,0.00331536659,0.00547583071,0.01513320487,0.01060319946,689,0017-02-07 05:21:00,0017-02-07 14:15:00,0017-02-07 05:21:00,0017-02-07 14:15:00,0.07,689,0
153,"OH-FM1-73",5.75433783028,0.00113200088,0.00094333407,0.00021696684,0.01613101261,0.00034997694,0.00650900509,0.01707434668,0.01591404577,131,0017-04-30 02:03:00,0017-04-30 02:45:00,0017-04-30 02:03:00,0017-04-30 03:00:00,0.1,131,0
155,"OH-FM1-74",20.47407959146,0.00378072492,0.00407154992,0.00072706249,0.06427232372,0.00092191523,0.02239352455,0.06834387364,0.06354526123,402,0017-04-30 18:21:00,0017-04-30 20:15:00,0017-04-30 18:21:00,0017-04-30 20:15:00,0.28,402,0
156,"OH-FM1-75",47.37161655364,0.0084929193,0.0160421809,0.00150985232,0.15098523204,0.00228365163,0.05661946202,0.16702741295,0.14947537972,1306,0017-05-01 08:23:00,0017-05-01 12:00:00,0017-05-01 08:23:00,0017-05-01 12:15:00,0.45,1306,0
157,"OH-FM1-76a",6.7281910388,0.02325411649,0.04340768412,0.0010851921,0.01581279922,0.00317806259,0.00837148194,0.05922048334,0.01472760711,2146,0017-05-04 10:40:00,0017-05-04 18:18:00,0017-05-04 10:37:00,0017-05-04 18:18:00,0.17,2146,0
158,"OH-FM1-76b",0.99172070426,0.0134470604,0.03109632717,0.00042022064,0.01428750167,0.00152960312,0.00460561819,0.04538382884,0.01386728103,1163,0017-05-04 18:18:00,0017-05-04 23:15:00,0017-05-04 18:18:00,0017-05-05 00:15:00,0.14,1163,0
161,"OH-FM1-78",78.49251334367,0.07324340281,0.40283871545,0.0061036169,0.3320367594,0.01440453589,0.12207233802,0.73487547485,0.3259331425,16895,0017-05-05 08:40:00,0017-05-05 17:44:00,0017-05-05 08:37:00,0017-05-05 17:44:00,1.96,16895,0
162,"OH-FM1-79",5.16437968785,0.02692330643,0.10769322572,0.00122378666,0.04405631961,0.00293708797,0.01475886707,0.15174954533,0.04283253296,3387,0017-05-05 17:44:00,0017-05-06 00:45:00,0017-05-05 17:44:00,0017-05-06 01:15:00,0.34,3387,0
163,"OH-FM1-80",42.57800068468,0.00487800335,0.00348428811,0.00048780034,0.09477263655,0.00127524945,0.04320517254,0.09825692466,0.09428483621,964,0017-05-11 02:45:00,0017-05-11 06:30:00,0017-05-11 02:44:00,0017-05-11 07:00:00,0.3,964,0
164,"OH-FM1-81",660.76351521142,0.03087679978,0.03087679978,0.00555782396,1.29065023065,0.00920128633,0.55578239597,1.32152703042,1.28509240669,8547,0017-05-19 13:11:00,0017-05-19 16:15:00,0017-05-19 13:11:00,0017-05-19 16:30:00,4.8,8547,0
165,"OH-FM1-82",311.97917597369,0.03318927404,0.02655141923,0.00398271288,0.73680188368,0.00882834689,0.28542775674,0.76335330291,0.7328191708,9187,0017-05-19 17:29:00,0017-05-19 21:15:00,0017-05-19 17:28:00,0017-05-19 22:00:00,3.86,9187,0
166,"OH-FM1-83",10.56905708914,0.0024227065,0.01302204742,0.00018170299,0.02543841821,0.00039368981,0.01150785586,0.03846046563,0.02525671522,419,0017-05-20 15:15:00,0017-05-20 17:00:00,0017-05-20 15:15:00,0017-05-20 17:30:00,0.15,419,0
167,"OH-FM1-84",3.18716492842,0.00118924064,0.00309202568,0.00011892406,0.00975177329,0.00035439371,0.00451911445,0.01284379897,0.00963284922,329,0017-05-21 08:26:00,0017-05-21 10:15:00,0017-05-21 08:26:00,0017-05-21 10:45:00,0.08,329,0
169,"OH-FM1-85a",25.37790313354,0.00431596992,0.00402823859,0.0071069638,0.07682426459,0.00159978618,0.03165044608,0.08085250318,0.06971730079,398,0017-05-27 01:43:00,0017-05-27 02:18:00,0017-05-27 01:43:00,0017-05-27 02:18:00,0.33,398,0
170,"OH-FM1-85b",221.45461815712,0.02747575908,0.09891273268,0.07913018614,0.64842791421,0.01577108571,2.0112255644,0.74734064688,0.56929772807,7605,0017-05-27 02:18:00,0017-05-27 08:30:00,0017-05-27 02:18:00,0017-05-27 09:45:00,1.6,7605,0
171,"OH-FM1-87",394.2208281186,0.03811527344,0.32670234374,0.05118336719,0.8548711328,0.00773195547,1.25235898435,1.18157347654,0.80368776561,7536,0017-05-28 19:34:00,0017-05-28 23:30:00,0017-05-28 19:34:00,0017-05-29 00:00:00,3.43,7536,0
172,"OH-FM1-88",2.89505725064,0.00117685254,0.00223601983,0.00023537051,0.00985025577,0.00036600114,0.00458972491,0.0120862756,0.00961488526,163,0017-06-30 20:19:00,0017-06-30 20:50:00,0017-06-30 20:19:00,0017-06-30 21:45:00,0.1,163,0
173,"OH-FM1-89",11.25609867199,0.00167004431,0.00400810635,0.00016700443,0.02568528154,0.00057783533,0.01202431906,0.02969338789,0.02551827711,462,0017-07-10 12:20:00,0017-07-10 13:00:00,0017-07-10 12:20:00,0017-07-10 13:00:00,0.36,462,0
174,"OH-FM1-90a",23.42935601186,0.00351792132,0.01547885382,0.00070358426,0.0505173502,0.00108351977,0.02321828073,0.06599620402,0.04981376594,974,0017-07-10 13:00:00,0017-07-10 14:05:00,0017-07-10 13:00:00,0017-07-10 14:05:00,0.77,974,0
175,"OH-FM1-90b",11.63055162707,0.00274305463,0.02907637907,0.00109722185,0.03072221185,0.00091618025,0.01371527315,0.05979859091,0.02962498999,759,0017-07-10 14:05:00,0017-07-10 16:15:00,0017-07-10 14:05:00,0017-07-10 16:30:00,0.43,759,0
176,"OH-FM1-92",7.08384016557,0.00194968078,0.01072324429,0.00081236699,0.02079659498,0.00052966328,0.00844861671,0.03151983927,0.01998422799,450,0017-07-10 22:27:00,0017-07-10 23:45:00,0017-07-10 22:27:00,0017-07-11 00:45:00,0.3,450,0
177,"OH-FM1-93",261.68630225932,0.17492399884,5.42264396393,0.22740119849,1.33292087113,0.02483920783,0.34984799767,6.75556483506,1.10551967265,48419,0017-07-13 02:32:00,0017-07-13 14:30:00,0017-07-13 02:32:00,0017-07-13 16:15:00,5.9,48419,0
182,"OH-FM1-95",15.00277738887,0.31966145005,0.06819444268,0.00468836793,0.13596267009,0.07671874801,0.11934027468,0.20415711276,0.13127430215,683,0017-11-05 16:24:00,0017-11-05 20:15:00,0017-11-05 16:24:00,0017-11-05 20:15:00,0.12,683,0
183,"OH-FM1-96",5.71111841517,0.14565268441,0.03066372303,0.00191648269,0.04331250879,0.02491427497,0.03832965379,0.07397623182,0.0413960261,307,0017-11-18 01:18:00,0017-11-18 04:15:00,0017-11-18 01:18:00,0017-11-18 04:15:00,0.05,307,0
184,"OH-FM1-97",20.29817910079,0.81737633963,0.28608171887,0.0081737634,0.2138801422,0.13255119641,0.20434408491,0.49996186107,0.20570637881,2182,0017-11-18 04:38:00,0017-11-18 10:19:00,0017-11-18 04:38:00,0017-11-18 10:19:00,0.23,2182,0
185,"OH-FM1-98",339.74637202364,10.09147639674,4.54116437853,0.15137214595,2.37149695323,1.01587529061,1.85010400607,6.91266133177,2.22012480728,26942,0017-11-18 10:19:00,0017-11-18 21:56:00,0017-11-18 10:19:00,0017-11-18 21:56:00,1.74,26942,0
187,"OH-FM1-99",5.82251437533,1.10426996774,0.16062108622,0.04417079871,0.28711019161,0.15439701913,0.18973365809,0.44773127783,0.2429393929,3216,0018-01-10 14:00:00,0018-01-10 21:40:00,0018-01-10 14:00:00,0018-01-10 21:40:00,0.21,3216,0
189,"OH-FM1-100",12.65763046,2.0252208736,1.04073850449,0.036566488,0.54005889963,0.15442309161,0.21405459511,1.58079740412,0.50349241163,4506,0018-01-12 00:30:00,0018-01-12 18:45:00,0018-01-12 00:30:00,0018-01-12 18:45:00,0.18,4506,0
192,"OH-FM1-101",14.70072773525,0.8167070964,0.36751819338,0.01061719225,0.22459445151,0.03887525779,0.07652545493,0.59211264489,0.21397725926,1308,0018-01-22 20:45:00,0018-01-23 05:15:00,0018-01-22 20:45:00,0018-01-23 05:15:00,0.15,1308,0
193,"OH-FM1-102",12.90896839261,1.05919740657,0.11584971634,0.04799488249,0.27969431517,0.11369822161,0.15590061828,0.39554403152,0.23169943269,2651,0018-02-14 12:15:00,0018-02-14 21:59:00,0018-02-14 12:15:00,0018-02-14 21:59:00,0.15,2651,0
195,"OH-FM1-103",9.85199933669,1.46945074852,0.76812198218,0.02504745594,0.30557896248,0.08532833324,0.12991280481,1.07370094466,0.28053150654,2675,0018-02-15 13:04:00,0018-02-16 03:21:00,0018-02-15 13:04:00,0018-02-16 03:21:00,0.19,2675,0
196,"OH-FM1-104",24.01296555423,0.68608473012,0.32017287406,0.0205825419,0.34075541596,0.10588574335,0.20422455467,0.66092829002,0.32017287406,3663,0018-02-19 06:56:00,0018-02-19 19:15:00,0018-02-19 06:56:00,0018-02-19 19:15:00,0.19,3663,0
201,"OH-FM1-105",17.10422748942,0.39095377119,0.0488692214,0.01140281833,0.11402818326,0.0698829866,0.12119566907,0.16289740466,0.10262536494,2609,0018-02-24 21:52:00,0018-02-25 04:30:00,0018-02-24 21:52:00,0018-02-25 04:30:00,0.21,2609,0
202,"OH-FM1-106",25.34965510374,0.41218951388,0.06182842708,0.02267042326,0.36272677222,0.09521577771,0.19084374493,0.4245551993,0.34005634895,3301,0018-03-01 11:00:00,0018-03-01 22:45:00,0018-03-01 11:00:00,0018-03-01 22:45:00,0.22,3301,0
203,"OH-FM1-107",20.93373149121,0.30174748095,0.0942960878,0.01508737405,0.32060669851,0.08750676948,0.18632906949,0.41490278631,0.30551932447,3021,0018-03-29 14:56:00,0018-03-30 01:15:00,0018-03-29 14:56:00,0018-03-30 01:15:00,0.21,3021,0
205,"OH-FM1-108",48.7461789317,0.27081210518,0.03385151315,0.0236960592,0.67025996031,0.11204850852,0.31651164792,0.70411147346,0.64656390111,5422,0018-04-03 12:00:00,0018-04-03 22:17:00,0018-04-03 12:00:00,0018-04-03 22:17:00,0.28,5422,0
209,"OH-FM1-109",8.67738531156,0.11569847082,0.00964153924,1.33053241444,1.61013705226,2.12113863172,2.41038480877,1.61977859149,0.27960463782,1544,0018-04-15 14:12:00,0018-04-15 21:15:00,0018-04-15 14:12:00,0018-04-15 21:15:00,0.11,1544,0
211,"OH-FM1-110",41.50933545103,0.17440897248,0.06540336468,0.01874896454,0.28472264758,0.05232269175,0.13080672936,0.35012601226,0.26597368304,698,0018-05-22 15:38:00,0018-05-22 17:15:00,0018-05-22 15:38:00,0018-05-22 17:15:00,0.32,698,0
213,"OH-FM1-111",157.07496484383,0.43631934679,0.62331335255,0.20569340634,1.38375564267,0.68564468781,0.99730136409,2.00706899523,1.17806223633,9984,0018-06-09 22:45:00,0018-06-10 05:45:00,0018-06-09 22:40:00,0018-06-10 05:45:00,1.73,9984,0
215,"OH-FM1-112",13.97362296884,0.56649822847,0.26436583995,0.12840626512,0.76666093586,0.45319858277,0.5287316799,1.03102677581,0.63825467074,6050,0018-06-11 00:45:00,0018-06-11 10:01:00,0018-06-11 00:59:00,0018-06-11 10:01:00,0.51,6050,0
216,"OH-FM1-113",40.67328877236,0.46674265804,0.26671009031,0.18669706322,0.98682733415,0.56275829056,0.66677522578,1.25353742446,0.80013027093,10681,0018-06-11 10:01:00,0018-06-11 17:00:00,0018-06-11 10:01:00,0018-06-11 17:00:00,1.42,10681,0
220,"OHFM1-115",18.69900619248,0.06785929667,0.02261976556,0.00753992185,0.13270262459,0.05142226703,0.08293914037,0.15532239015,0.12516270274,1208,0018-08-20 20:03:00,0018-08-20 21:30:00,0018-08-20 20:03:00,0018-08-20 21:30:00,0.9,1208,0
222,"OH-FM1-116",3.44136469298,0.05180549,0.00740078429,0.00222023529,0.06438682329,0.02949212538,0.04070431357,0.07178760757,0.062166588,593,0018-08-21 06:35:00,0018-08-21 09:00:00,0018-08-21 06:35:00,0018-08-21 09:00:00,0.25,593,0
